faculty_id,username,email,department,designation,phone,qualification
FAC-00001,fac_1,fac.1@examforge.edu,Computer Science,Professor,9800000000,Ph.D.
FAC-00002,fac_2,fac.2@examforge.edu,Computer Science,Professor,9800000000,Ph.D.
FAC-00003,fac_3,fac.3@examforge.edu,Computer Science,Professor,9800000000,Ph.D.
FAC-00004,fac_4,fac.4@examforge.edu,Computer Science,Professor,9800000000,Ph.D.
FAC-00005,fac_5,fac.5@examforge.edu,Computer Science,Professor,9800000000,Ph.D.
FAC-00006,fac_6,fac.6@examforge.edu,Computer Science,Professor,9800000000,Ph.D.
FAC-00007,fac_7,fac.7@examforge.edu,Computer Science,Professor,9800000000,Ph.D.
FAC-00008,fac_8,fac.8@examforge.edu,Computer Science,Professor,9800000000,Ph.D.
FAC-00009,fac_9,fac.9@examforge.edu,Computer Science,Professor,9800000000,Ph.D.
FAC-00010,fac_10,fac.10@examforge.edu,Computer Science,Professor,9800000000,Ph.D.
FAC-00011,fac_11,fac.11@examforge.edu,Computer Science,Professor,9800000000,Ph.D.
FAC-00012,fac_12,fac.12@examforge.edu,Computer Science,Professor,9800000000,Ph.D.
FAC-00013,fac_13,fac.13@examforge.edu,Computer Science,Professor,9800000000,Ph.D.
FAC-00014,fac_14,fac.14@examforge.edu,Computer Science,Professor,9800000000,Ph.D.
FAC-00015,fac_15,fac.15@examforge.edu,Computer Science,Professor,9800000000,Ph.D.
FAC-00016,fac_16,fac.16@examforge.edu,Computer Science,Professor,9800000000,Ph.D.
FAC-00017,fac_17,fac.17@examforge.edu,Computer Science,Professor,9800000000,Ph.D.
FAC-00018,fac_18,fac.18@examforge.edu,Computer Science,Professor,9800000000,Ph.D.
FAC-00019,fac_19,fac.19@examforge.edu,Computer Science,Professor,9800000000,Ph.D.
FAC-00020,fac_20,fac.20@examforge.edu,Computer Science,Professor,9800000000,Ph.D.
FAC-00021,fac_21,fac.21@examforge.edu,Computer Science,Professor,9800000000,Ph.D.
FAC-00022,fac_22,fac.22@examforge.edu,Computer Science,Professor,9800000000,Ph.D.
FAC-00023,fac_23,fac.23@examforge.edu,Computer Science,Professor,9800000000,Ph.D.
FAC-00024,fac_24,fac.24@examforge.edu,Computer Science,Professor,9800000000,Ph.D.
FAC-00025,fac_25,fac.25@examforge.edu,Computer Science,Professor,9800000000,Ph.D.
FAC-00026,fac_26,fac.26@examforge.edu,Computer Science,Professor,9800000000,Ph.D.
FAC-00027,fac_27,fac.27@examforge.edu,Computer Science,Professor,9800000000,Ph.D.
FAC-00028,fac_28,fac.28@examforge.edu,Computer Science,Professor,9800000000,Ph.D.
FAC-00029,fac_29,fac.29@examforge.edu,Computer Science,Professor,9800000000,Ph.D.
FAC-00030,fac_30,fac.30@examforge.edu,Computer Science,Professor,9800000000,Ph.D.
FAC-00031,fac_31,fac.31@examforge.edu,Computer Science,Professor,9800000000,Ph.D.
FAC-00032,fac_32,fac.32@examforge.edu,Computer Science,Professor,9800000000,Ph.D.
FAC-00033,fac_33,fac.33@examforge.edu,Computer Science,Professor,9800000000,Ph.D.
FAC-00034,fac_34,fac.34@examforge.edu,Computer Science,Professor,9800000000,Ph.D.
FAC-00035,fac_35,fac.35@examforge.edu,Computer Science,Professor,9800000000,Ph.D.
FAC-00036,fac_36,fac.36@examforge.edu,Computer Science,Professor,9800000000,Ph.D.
FAC-00037,fac_37,fac.37@examforge.edu,Computer Science,Professor,9800000000,Ph.D.
FAC-00038,fac_38,fac.38@examforge.edu,Computer Science,Professor,9800000000,Ph.D.
FAC-00039,fac_39,fac.39@examforge.edu,Computer Science,Professor,9800000000,Ph.D.
FAC-00040,fac_40,fac.40@examforge.edu,Computer Science,Professor,9800000000,Ph.D.
FAC-00041,fac_41,fac.41@examforge.edu,Computer Science,Professor,9800000000,Ph.D.
FAC-00042,fac_42,fac.42@examforge.edu,Computer Science,Professor,9800000000,Ph.D.
FAC-00043,fac_43,fac.43@examforge.edu,Computer Science,Professor,9800000000,Ph.D.
FAC-00044,fac_44,fac.44@examforge.edu,Computer Science,Professor,9800000000,Ph.D.
FAC-00045,fac_45,fac.45@examforge.edu,Computer Science,Professor,9800000000,Ph.D.
FAC-00046,fac_46,fac.46@examforge.edu,Computer Science,Professor,9800000000,Ph.D.
FAC-00047,fac_47,fac.47@examforge.edu,Computer Science,Professor,9800000000,Ph.D.
FAC-00048,fac_48,fac.48@examforge.edu,Computer Science,Professor,9800000000,Ph.D.
FAC-00049,fac_49,fac.49@examforge.edu,Computer Science,Professor,9800000000,Ph.D.
FAC-00050,fac_50,fac.50@examforge.edu,Computer Science,Professor,9800000000,Ph.D.
FAC-00051,fac_51,fac.51@examforge.edu,Computer Science,Professor,9800000000,Ph.D.
FAC-00052,fac_52,fac.52@examforge.edu,Computer Science,Professor,9800000000,Ph.D.
FAC-00053,fac_53,fac.53@examforge.edu,Computer Science,Professor,9800000000,Ph.D.
FAC-00054,fac_54,fac.54@examforge.edu,Computer Science,Professor,9800000000,Ph.D.
FAC-00055,fac_55,fac.55@examforge.edu,Computer Science,Professor,9800000000,Ph.D.
FAC-00056,fac_56,fac.56@examforge.edu,Computer Science,Professor,9800000000,Ph.D.
FAC-00057,fac_57,fac.57@examforge.edu,Computer Science,Professor,9800000000,Ph.D.
FAC-00058,fac_58,fac.58@examforge.edu,Computer Science,Professor,9800000000,Ph.D.
FAC-00059,fac_59,fac.59@examforge.edu,Computer Science,Professor,9800000000,Ph.D.
FAC-00060,fac_60,fac.60@examforge.edu,Computer Science,Professor,9800000000,Ph.D.
FAC-00061,fac_61,fac.61@examforge.edu,Computer Science,Professor,9800000000,Ph.D.
FAC-00062,fac_62,fac.62@examforge.edu,Computer Science,Professor,9800000000,Ph.D.
FAC-00063,fac_63,fac.63@examforge.edu,Computer Science,Professor,9800000000,Ph.D.
FAC-00064,fac_64,fac.64@examforge.edu,Computer Science,Professor,9800000000,Ph.D.
FAC-00065,fac_65,fac.65@examforge.edu,Computer Science,Professor,9800000000,Ph.D.
FAC-00066,fac_66,fac.66@examforge.edu,Computer Science,Professor,9800000000,Ph.D.
FAC-00067,fac_67,fac.67@examforge.edu,Computer Science,Professor,9800000000,Ph.D.
FAC-00068,fac_68,fac.68@examforge.edu,Computer Science,Professor,9800000000,Ph.D.
FAC-00069,fac_69,fac.69@examforge.edu,Computer Science,Professor,9800000000,Ph.D.
FAC-00070,fac_70,fac.70@examforge.edu,Computer Science,Professor,9800000000,Ph.D.
FAC-00071,fac_71,fac.71@examforge.edu,Computer Science,Professor,9800000000,Ph.D.
FAC-00072,fac_72,fac.72@examforge.edu,Computer Science,Professor,9800000000,Ph.D.
FAC-00073,fac_73,fac.73@examforge.edu,Computer Science,Professor,9800000000,Ph.D.
FAC-00074,fac_74,fac.74@examforge.edu,Computer Science,Professor,9800000000,Ph.D.
FAC-00075,fac_75,fac.75@examforge.edu,Computer Science,Professor,9800000000,Ph.D.
FAC-00076,fac_76,fac.76@examforge.edu,Computer Science,Professor,9800000000,Ph.D.
FAC-00077,fac_77,fac.77@examforge.edu,Computer Science,Professor,9800000000,Ph.D.
FAC-00078,fac_78,fac.78@examforge.edu,Computer Science,Professor,9800000000,Ph.D.
FAC-00079,fac_79,fac.79@examforge.edu,Computer Science,Professor,9800000000,Ph.D.
FAC-00080,fac_80,fac.80@examforge.edu,Computer Science,Professor,9800000000,Ph.D.
FAC-00081,fac_81,fac.81@examforge.edu,Computer Science,Professor,9800000000,Ph.D.
FAC-00082,fac_82,fac.82@examforge.edu,Computer Science,Professor,9800000000,Ph.D.
FAC-00083,fac_83,fac.83@examforge.edu,Computer Science,Professor,9800000000,Ph.D.
FAC-00084,fac_84,fac.84@examforge.edu,Computer Science,Professor,9800000000,Ph.D.
FAC-00085,fac_85,fac.85@examforge.edu,Computer Science,Professor,9800000000,Ph.D.
FAC-00086,fac_86,fac.86@examforge.edu,Computer Science,Professor,9800000000,Ph.D.
FAC-00087,fac_87,fac.87@examforge.edu,Computer Science,Professor,9800000000,Ph.D.
FAC-00088,fac_88,fac.88@examforge.edu,Computer Science,Professor,9800000000,Ph.D.
FAC-00089,fac_89,fac.89@examforge.edu,Computer Science,Professor,9800000000,Ph.D.
FAC-00090,fac_90,fac.90@examforge.edu,Computer Science,Professor,9800000000,Ph.D.
FAC-00091,fac_91,fac.91@examforge.edu,Computer Science,Professor,9800000000,Ph.D.
FAC-00092,fac_92,fac.92@examforge.edu,Computer Science,Professor,9800000000,Ph.D.
FAC-00093,fac_93,fac.93@examforge.edu,Computer Science,Professor,9800000000,Ph.D.
FAC-00094,fac_94,fac.94@examforge.edu,Computer Science,Professor,9800000000,Ph.D.
FAC-00095,fac_95,fac.95@examforge.edu,Computer Science,Professor,9800000000,Ph.D.
FAC-00096,fac_96,fac.96@examforge.edu,Computer Science,Professor,9800000000,Ph.D.
FAC-00097,fac_97,fac.97@examforge.edu,Computer Science,Professor,9800000000,Ph.D.
FAC-00098,fac_98,fac.98@examforge.edu,Computer Science,Professor,9800000000,Ph.D.
FAC-00099,fac_99,fac.99@examforge.edu,Computer Science,Professor,9800000000,Ph.D.
FAC-00100,fac_100,fac.100@examforge.edu,Computer Science,Professor,9800000000,Ph.D.
FAC-00101,fac_101,fac.101@examforge.edu,Computer Science,Professor,9800000000,Ph.D.
FAC-00102,fac_102,fac.102@examforge.edu,Computer Science,Professor,9800000000,Ph.D.
FAC-00103,fac_103,fac.103@examforge.edu,Computer Science,Professor,9800000000,Ph.D.
FAC-00104,fac_104,fac.104@examforge.edu,Computer Science,Professor,9800000000,Ph.D.
FAC-00105,fac_105,fac.105@examforge.edu,Computer Science,Professor,9800000000,Ph.D.
FAC-00106,fac_106,fac.106@examforge.edu,Computer Science,Professor,9800000000,Ph.D.
FAC-00107,fac_107,fac.107@examforge.edu,Computer Science,Professor,9800000000,Ph.D.
FAC-00108,fac_108,fac.108@examforge.edu,Computer Science,Professor,9800000000,Ph.D.
FAC-00109,fac_109,fac.109@examforge.edu,Computer Science,Professor,9800000000,Ph.D.
FAC-00110,fac_110,fac.110@examforge.edu,Computer Science,Professor,9800000000,Ph.D.
FAC-00111,fac_111,fac.111@examforge.edu,Computer Science,Professor,9800000000,Ph.D.
FAC-00112,fac_112,fac.112@examforge.edu,Computer Science,Professor,9800000000,Ph.D.
FAC-00113,fac_113,fac.113@examforge.edu,Computer Science,Professor,9800000000,Ph.D.
FAC-00114,fac_114,fac.114@examforge.edu,Computer Science,Professor,9800000000,Ph.D.
FAC-00115,fac_115,fac.115@examforge.edu,Computer Science,Professor,9800000000,Ph.D.
FAC-00116,fac_116,fac.116@examforge.edu,Computer Science,Professor,9800000000,Ph.D.
FAC-00117,fac_117,fac.117@examforge.edu,Computer Science,Professor,9800000000,Ph.D.
FAC-00118,fac_118,fac.118@examforge.edu,Computer Science,Professor,9800000000,Ph.D.
FAC-00119,fac_119,fac.119@examforge.edu,Computer Science,Professor,9800000000,Ph.D.
FAC-00120,fac_120,fac.120@examforge.edu,Computer Science,Professor,9800000000,Ph.D.
FAC-00121,fac_121,fac.121@examforge.edu,Computer Science,Professor,9800000000,Ph.D.
FAC-00122,fac_122,fac.122@examforge.edu,Computer Science,Professor,9800000000,Ph.D.
FAC-00123,fac_123,fac.123@examforge.edu,Computer Science,Professor,9800000000,Ph.D.
FAC-00124,fac_124,fac.124@examforge.edu,Computer Science,Professor,9800000000,Ph.D.
FAC-00125,fac_125,fac.125@examforge.edu,Computer Science,Professor,9800000000,Ph.D.
FAC-00126,fac_126,fac.126@examforge.edu,Computer Science,Professor,9800000000,Ph.D.
FAC-00127,fac_127,fac.127@examforge.edu,Computer Science,Professor,9800000000,Ph.D.
FAC-00128,fac_128,fac.128@examforge.edu,Computer Science,Professor,9800000000,Ph.D.
FAC-00129,fac_129,fac.129@examforge.edu,Computer Science,Professor,9800000000,Ph.D.
FAC-00130,fac_130,fac.130@examforge.edu,Computer Science,Professor,9800000000,Ph.D.
FAC-00131,fac_131,fac.131@examforge.edu,Computer Science,Professor,9800000000,Ph.D.
FAC-00132,fac_132,fac.132@examforge.edu,Computer Science,Professor,9800000000,Ph.D.
FAC-00133,fac_133,fac.133@examforge.edu,Computer Science,Professor,9800000000,Ph.D.
FAC-00134,fac_134,fac.134@examforge.edu,Computer Science,Professor,9800000000,Ph.D.
FAC-00135,fac_135,fac.135@examforge.edu,Computer Science,Professor,9800000000,Ph.D.
FAC-00136,fac_136,fac.136@examforge.edu,Computer Science,Professor,9800000000,Ph.D.
FAC-00137,fac_137,fac.137@examforge.edu,Computer Science,Professor,9800000000,Ph.D.
FAC-00138,fac_138,fac.138@examforge.edu,Computer Science,Professor,9800000000,Ph.D.
FAC-00139,fac_139,fac.139@examforge.edu,Computer Science,Professor,9800000000,Ph.D.
FAC-00140,fac_140,fac.140@examforge.edu,Computer Science,Professor,9800000000,Ph.D.
FAC-00141,fac_141,fac.141@examforge.edu,Computer Science,Professor,9800000000,Ph.D.
FAC-00142,fac_142,fac.142@examforge.edu,Computer Science,Professor,9800000000,Ph.D.
FAC-00143,fac_143,fac.143@examforge.edu,Computer Science,Professor,9800000000,Ph.D.
FAC-00144,fac_144,fac.144@examforge.edu,Computer Science,Professor,9800000000,Ph.D.
FAC-00145,fac_145,fac.145@examforge.edu,Computer Science,Professor,9800000000,Ph.D.
FAC-00146,fac_146,fac.146@examforge.edu,Computer Science,Professor,9800000000,Ph.D.
FAC-00147,fac_147,fac.147@examforge.edu,Computer Science,Professor,9800000000,Ph.D.
FAC-00148,fac_148,fac.148@examforge.edu,Computer Science,Professor,9800000000,Ph.D.
FAC-00149,fac_149,fac.149@examforge.edu,Computer Science,Professor,9800000000,Ph.D.
FAC-00150,fac_150,fac.150@examforge.edu,Computer Science,Professor,9800000000,Ph.D.
FAC-00151,fac_151,fac.151@examforge.edu,Computer Science,Professor,9800000000,Ph.D.
FAC-00152,fac_152,fac.152@examforge.edu,Computer Science,Professor,9800000000,Ph.D.
FAC-00153,fac_153,fac.153@examforge.edu,Computer Science,Professor,9800000000,Ph.D.
FAC-00154,fac_154,fac.154@examforge.edu,Computer Science,Professor,9800000000,Ph.D.
FAC-00155,fac_155,fac.155@examforge.edu,Computer Science,Professor,9800000000,Ph.D.
FAC-00156,fac_156,fac.156@examforge.edu,Computer Science,Professor,9800000000,Ph.D.
FAC-00157,fac_157,fac.157@examforge.edu,Computer Science,Professor,9800000000,Ph.D.
FAC-00158,fac_158,fac.158@examforge.edu,Computer Science,Professor,9800000000,Ph.D.
FAC-00159,fac_159,fac.159@examforge.edu,Computer Science,Professor,9800000000,Ph.D.
FAC-00160,fac_160,fac.160@examforge.edu,Computer Science,Professor,9800000000,Ph.D.
FAC-00161,fac_161,fac.161@examforge.edu,Computer Science,Professor,9800000000,Ph.D.
FAC-00162,fac_162,fac.162@examforge.edu,Computer Science,Professor,9800000000,Ph.D.
FAC-00163,fac_163,fac.163@examforge.edu,Computer Science,Professor,9800000000,Ph.D.
FAC-00164,fac_164,fac.164@examforge.edu,Computer Science,Professor,9800000000,Ph.D.
FAC-00165,fac_165,fac.165@examforge.edu,Computer Science,Professor,9800000000,Ph.D.
FAC-00166,fac_166,fac.166@examforge.edu,Computer Science,Professor,9800000000,Ph.D.
FAC-00167,fac_167,fac.167@examforge.edu,Computer Science,Professor,9800000000,Ph.D.
FAC-00168,fac_168,fac.168@examforge.edu,Computer Science,Professor,9800000000,Ph.D.
FAC-00169,fac_169,fac.169@examforge.edu,Computer Science,Professor,9800000000,Ph.D.
FAC-00170,fac_170,fac.170@examforge.edu,Computer Science,Professor,9800000000,Ph.D.
FAC-00171,fac_171,fac.171@examforge.edu,Computer Science,Professor,9800000000,Ph.D.
FAC-00172,fac_172,fac.172@examforge.edu,Computer Science,Professor,9800000000,Ph.D.
FAC-00173,fac_173,fac.173@examforge.edu,Computer Science,Professor,9800000000,Ph.D.
FAC-00174,fac_174,fac.174@examforge.edu,Computer Science,Professor,9800000000,Ph.D.
FAC-00175,fac_175,fac.175@examforge.edu,Computer Science,Professor,9800000000,Ph.D.
FAC-00176,fac_176,fac.176@examforge.edu,Computer Science,Professor,9800000000,Ph.D.
FAC-00177,fac_177,fac.177@examforge.edu,Computer Science,Professor,9800000000,Ph.D.
FAC-00178,fac_178,fac.178@examforge.edu,Computer Science,Professor,9800000000,Ph.D.
FAC-00179,fac_179,fac.179@examforge.edu,Computer Science,Professor,9800000000,Ph.D.
FAC-00180,fac_180,fac.180@examforge.edu,Computer Science,Professor,9800000000,Ph.D.
FAC-00181,fac_181,fac.181@examforge.edu,Computer Science,Professor,9800000000,Ph.D.
FAC-00182,fac_182,fac.182@examforge.edu,Computer Science,Professor,9800000000,Ph.D.
FAC-00183,fac_183,fac.183@examforge.edu,Computer Science,Professor,9800000000,Ph.D.
FAC-00184,fac_184,fac.184@examforge.edu,Computer Science,Professor,9800000000,Ph.D.
FAC-00185,fac_185,fac.185@examforge.edu,Computer Science,Professor,9800000000,Ph.D.
FAC-00186,fac_186,fac.186@examforge.edu,Computer Science,Professor,9800000000,Ph.D.
FAC-00187,fac_187,fac.187@examforge.edu,Computer Science,Professor,9800000000,Ph.D.
FAC-00188,fac_188,fac.188@examforge.edu,Computer Science,Professor,9800000000,Ph.D.
FAC-00189,fac_189,fac.189@examforge.edu,Computer Science,Professor,9800000000,Ph.D.
FAC-00190,fac_190,fac.190@examforge.edu,Computer Science,Professor,9800000000,Ph.D.
FAC-00191,fac_191,fac.191@examforge.edu,Computer Science,Professor,9800000000,Ph.D.
FAC-00192,fac_192,fac.192@examforge.edu,Computer Science,Professor,9800000000,Ph.D.
FAC-00193,fac_193,fac.193@examforge.edu,Computer Science,Professor,9800000000,Ph.D.
FAC-00194,fac_194,fac.194@examforge.edu,Computer Science,Professor,9800000000,Ph.D.
FAC-00195,fac_195,fac.195@examforge.edu,Computer Science,Professor,9800000000,Ph.D.
FAC-00196,fac_196,fac.196@examforge.edu,Computer Science,Professor,9800000000,Ph.D.
FAC-00197,fac_197,fac.197@examforge.edu,Computer Science,Professor,9800000000,Ph.D.
FAC-00198,fac_198,fac.198@examforge.edu,Computer Science,Professor,9800000000,Ph.D.
FAC-00199,fac_199,fac.199@examforge.edu,Computer Science,Professor,9800000000,Ph.D.
FAC-00200,fac_200,fac.200@examforge.edu,Computer Science,Professor,9800000000,Ph.D.
FAC-00201,fac_201,fac.201@examforge.edu,Computer Science,Professor,9800000000,Ph.D.
FAC-00202,fac_202,fac.202@examforge.edu,Computer Science,Professor,9800000000,Ph.D.
FAC-00203,fac_203,fac.203@examforge.edu,Computer Science,Professor,9800000000,Ph.D.
FAC-00204,fac_204,fac.204@examforge.edu,Computer Science,Professor,9800000000,Ph.D.
FAC-00205,fac_205,fac.205@examforge.edu,Computer Science,Professor,9800000000,Ph.D.
FAC-00206,fac_206,fac.206@examforge.edu,Computer Science,Professor,9800000000,Ph.D.
FAC-00207,fac_207,fac.207@examforge.edu,Computer Science,Professor,9800000000,Ph.D.
FAC-00208,fac_208,fac.208@examforge.edu,Computer Science,Professor,9800000000,Ph.D.
FAC-00209,fac_209,fac.209@examforge.edu,Computer Science,Professor,9800000000,Ph.D.
FAC-00210,fac_210,fac.210@examforge.edu,Computer Science,Professor,9800000000,Ph.D.
FAC-00211,fac_211,fac.211@examforge.edu,Computer Science,Professor,9800000000,Ph.D.
FAC-00212,fac_212,fac.212@examforge.edu,Computer Science,Professor,9800000000,Ph.D.
FAC-00213,fac_213,fac.213@examforge.edu,Computer Science,Professor,9800000000,Ph.D.
FAC-00214,fac_214,fac.214@examforge.edu,Computer Science,Professor,9800000000,Ph.D.
FAC-00215,fac_215,fac.215@examforge.edu,Computer Science,Professor,9800000000,Ph.D.
FAC-00216,fac_216,fac.216@examforge.edu,Computer Science,Professor,9800000000,Ph.D.
FAC-00217,fac_217,fac.217@examforge.edu,Computer Science,Professor,9800000000,Ph.D.
FAC-00218,fac_218,fac.218@examforge.edu,Computer Science,Professor,9800000000,Ph.D.
FAC-00219,fac_219,fac.219@examforge.edu,Computer Science,Professor,9800000000,Ph.D.
FAC-00220,fac_220,fac.220@examforge.edu,Computer Science,Professor,9800000000,Ph.D.
FAC-00221,fac_221,fac.221@examforge.edu,Computer Science,Professor,9800000000,Ph.D.
FAC-00222,fac_222,fac.222@examforge.edu,Computer Science,Professor,9800000000,Ph.D.
FAC-00223,fac_223,fac.223@examforge.edu,Computer Science,Professor,9800000000,Ph.D.
FAC-00224,fac_224,fac.224@examforge.edu,Computer Science,Professor,9800000000,Ph.D.
FAC-00225,fac_225,fac.225@examforge.edu,Computer Science,Professor,9800000000,Ph.D.
FAC-00226,fac_226,fac.226@examforge.edu,Computer Science,Professor,9800000000,Ph.D.
FAC-00227,fac_227,fac.227@examforge.edu,Computer Science,Professor,9800000000,Ph.D.
FAC-00228,fac_228,fac.228@examforge.edu,Computer Science,Professor,9800000000,Ph.D.
FAC-00229,fac_229,fac.229@examforge.edu,Computer Science,Professor,9800000000,Ph.D.
FAC-00230,fac_230,fac.230@examforge.edu,Computer Science,Professor,9800000000,Ph.D.
FAC-00231,fac_231,fac.231@examforge.edu,Computer Science,Professor,9800000000,Ph.D.
FAC-00232,fac_232,fac.232@examforge.edu,Computer Science,Professor,9800000000,Ph.D.
FAC-00233,fac_233,fac.233@examforge.edu,Computer Science,Professor,9800000000,Ph.D.
FAC-00234,fac_234,fac.234@examforge.edu,Computer Science,Professor,9800000000,Ph.D.
FAC-00235,fac_235,fac.235@examforge.edu,Computer Science,Professor,9800000000,Ph.D.
FAC-00236,fac_236,fac.236@examforge.edu,Computer Science,Professor,9800000000,Ph.D.
FAC-00237,fac_237,fac.237@examforge.edu,Computer Science,Professor,9800000000,Ph.D.
FAC-00238,fac_238,fac.238@examforge.edu,Computer Science,Professor,9800000000,Ph.D.
FAC-00239,fac_239,fac.239@examforge.edu,Computer Science,Professor,9800000000,Ph.D.
FAC-00240,fac_240,fac.240@examforge.edu,Computer Science,Professor,9800000000,Ph.D.
FAC-00241,fac_241,fac.241@examforge.edu,Computer Science,Professor,9800000000,Ph.D.
FAC-00242,fac_242,fac.242@examforge.edu,Computer Science,Professor,9800000000,Ph.D.
FAC-00243,fac_243,fac.243@examforge.edu,Computer Science,Professor,9800000000,Ph.D.
FAC-00244,fac_244,fac.244@examforge.edu,Computer Science,Professor,9800000000,Ph.D.
FAC-00245,fac_245,fac.245@examforge.edu,Computer Science,Professor,9800000000,Ph.D.
FAC-00246,fac_246,fac.246@examforge.edu,Computer Science,Professor,9800000000,Ph.D.
FAC-00247,fac_247,fac.247@examforge.edu,Computer Science,Professor,9800000000,Ph.D.
FAC-00248,fac_248,fac.248@examforge.edu,Computer Science,Professor,9800000000,Ph.D.
FAC-00249,fac_249,fac.249@examforge.edu,Computer Science,Professor,9800000000,Ph.D.
FAC-00250,fac_250,fac.250@examforge.edu,Computer Science,Professor,9800000000,Ph.D.
FAC-00251,fac_251,fac.251@examforge.edu,Computer Science,Professor,9800000000,Ph.D.
FAC-00252,fac_252,fac.252@examforge.edu,Computer Science,Professor,9800000000,Ph.D.
FAC-00253,fac_253,fac.253@examforge.edu,Computer Science,Professor,9800000000,Ph.D.
FAC-00254,fac_254,fac.254@examforge.edu,Computer Science,Professor,9800000000,Ph.D.
FAC-00255,fac_255,fac.255@examforge.edu,Computer Science,Professor,9800000000,Ph.D.
FAC-00256,fac_256,fac.256@examforge.edu,Computer Science,Professor,9800000000,Ph.D.
FAC-00257,fac_257,fac.257@examforge.edu,Computer Science,Professor,9800000000,Ph.D.
FAC-00258,fac_258,fac.258@examforge.edu,Computer Science,Professor,9800000000,Ph.D.
FAC-00259,fac_259,fac.259@examforge.edu,Computer Science,Professor,9800000000,Ph.D.
FAC-00260,fac_260,fac.260@examforge.edu,Computer Science,Professor,9800000000,Ph.D.
FAC-00261,fac_261,fac.261@examforge.edu,Computer Science,Professor,9800000000,Ph.D.
FAC-00262,fac_262,fac.262@examforge.edu,Computer Science,Professor,9800000000,Ph.D.
FAC-00263,fac_263,fac.263@examforge.edu,Computer Science,Professor,9800000000,Ph.D.
FAC-00264,fac_264,fac.264@examforge.edu,Computer Science,Professor,9800000000,Ph.D.
FAC-00265,fac_265,fac.265@examforge.edu,Computer Science,Professor,9800000000,Ph.D.
FAC-00266,fac_266,fac.266@examforge.edu,Computer Science,Professor,9800000000,Ph.D.
FAC-00267,fac_267,fac.267@examforge.edu,Computer Science,Professor,9800000000,Ph.D.
FAC-00268,fac_268,fac.268@examforge.edu,Computer Science,Professor,9800000000,Ph.D.
FAC-00269,fac_269,fac.269@examforge.edu,Computer Science,Professor,9800000000,Ph.D.
FAC-00270,fac_270,fac.270@examforge.edu,Computer Science,Professor,9800000000,Ph.D.
FAC-00271,fac_271,fac.271@examforge.edu,Computer Science,Professor,9800000000,Ph.D.
FAC-00272,fac_272,fac.272@examforge.edu,Computer Science,Professor,9800000000,Ph.D.
FAC-00273,fac_273,fac.273@examforge.edu,Computer Science,Professor,9800000000,Ph.D.
FAC-00274,fac_274,fac.274@examforge.edu,Computer Science,Professor,9800000000,Ph.D.
FAC-00275,fac_275,fac.275@examforge.edu,Computer Science,Professor,9800000000,Ph.D.
FAC-00276,fac_276,fac.276@examforge.edu,Computer Science,Professor,9800000000,Ph.D.
FAC-00277,fac_277,fac.277@examforge.edu,Computer Science,Professor,9800000000,Ph.D.
FAC-00278,fac_278,fac.278@examforge.edu,Computer Science,Professor,9800000000,Ph.D.
FAC-00279,fac_279,fac.279@examforge.edu,Computer Science,Professor,9800000000,Ph.D.
FAC-00280,fac_280,fac.280@examforge.edu,Computer Science,Professor,9800000000,Ph.D.
FAC-00281,fac_281,fac.281@examforge.edu,Computer Science,Professor,9800000000,Ph.D.
FAC-00282,fac_282,fac.282@examforge.edu,Computer Science,Professor,9800000000,Ph.D.
FAC-00283,fac_283,fac.283@examforge.edu,Computer Science,Professor,9800000000,Ph.D.
FAC-00284,fac_284,fac.284@examforge.edu,Computer Science,Professor,9800000000,Ph.D.
FAC-00285,fac_285,fac.285@examforge.edu,Computer Science,Professor,9800000000,Ph.D.
FAC-00286,fac_286,fac.286@examforge.edu,Computer Science,Professor,9800000000,Ph.D.
FAC-00287,fac_287,fac.287@examforge.edu,Computer Science,Professor,9800000000,Ph.D.
FAC-00288,fac_288,fac.288@examforge.edu,Computer Science,Professor,9800000000,Ph.D.
FAC-00289,fac_289,fac.289@examforge.edu,Computer Science,Professor,9800000000,Ph.D.
FAC-00290,fac_290,fac.290@examforge.edu,Computer Science,Professor,9800000000,Ph.D.
FAC-00291,fac_291,fac.291@examforge.edu,Computer Science,Professor,9800000000,Ph.D.
FAC-00292,fac_292,fac.292@examforge.edu,Computer Science,Professor,9800000000,Ph.D.
FAC-00293,fac_293,fac.293@examforge.edu,Computer Science,Professor,9800000000,Ph.D.
FAC-00294,fac_294,fac.294@examforge.edu,Computer Science,Professor,9800000000,Ph.D.
FAC-00295,fac_295,fac.295@examforge.edu,Computer Science,Professor,9800000000,Ph.D.
FAC-00296,fac_296,fac.296@examforge.edu,Computer Science,Professor,9800000000,Ph.D.
FAC-00297,fac_297,fac.297@examforge.edu,Computer Science,Professor,9800000000,Ph.D.
FAC-00298,fac_298,fac.298@examforge.edu,Computer Science,Professor,9800000000,Ph.D.
FAC-00299,fac_299,fac.299@examforge.edu,Computer Science,Professor,9800000000,Ph.D.
FAC-00300,fac_300,fac.300@examforge.edu,Computer Science,Professor,9800000000,Ph.D.
FAC-00301,fac_301,fac.301@examforge.edu,Computer Science,Professor,9800000000,Ph.D.
FAC-00302,fac_302,fac.302@examforge.edu,Computer Science,Professor,9800000000,Ph.D.
FAC-00303,fac_303,fac.303@examforge.edu,Computer Science,Professor,9800000000,Ph.D.
FAC-00304,fac_304,fac.304@examforge.edu,Computer Science,Professor,9800000000,Ph.D.
FAC-00305,fac_305,fac.305@examforge.edu,Computer Science,Professor,9800000000,Ph.D.
FAC-00306,fac_306,fac.306@examforge.edu,Computer Science,Professor,9800000000,Ph.D.
FAC-00307,fac_307,fac.307@examforge.edu,Computer Science,Professor,9800000000,Ph.D.
FAC-00308,fac_308,fac.308@examforge.edu,Computer Science,Professor,9800000000,Ph.D.
FAC-00309,fac_309,fac.309@examforge.edu,Computer Science,Professor,9800000000,Ph.D.
FAC-00310,fac_310,fac.310@examforge.edu,Computer Science,Professor,9800000000,Ph.D.
FAC-00311,fac_311,fac.311@examforge.edu,Computer Science,Professor,9800000000,Ph.D.
FAC-00312,fac_312,fac.312@examforge.edu,Computer Science,Professor,9800000000,Ph.D.
FAC-00313,fac_313,fac.313@examforge.edu,Computer Science,Professor,9800000000,Ph.D.
FAC-00314,fac_314,fac.314@examforge.edu,Computer Science,Professor,9800000000,Ph.D.
FAC-00315,fac_315,fac.315@examforge.edu,Computer Science,Professor,9800000000,Ph.D.
FAC-00316,fac_316,fac.316@examforge.edu,Computer Science,Professor,9800000000,Ph.D.
FAC-00317,fac_317,fac.317@examforge.edu,Computer Science,Professor,9800000000,Ph.D.
FAC-00318,fac_318,fac.318@examforge.edu,Computer Science,Professor,9800000000,Ph.D.
FAC-00319,fac_319,fac.319@examforge.edu,Computer Science,Professor,9800000000,Ph.D.
FAC-00320,fac_320,fac.320@examforge.edu,Computer Science,Professor,9800000000,Ph.D.
FAC-00321,fac_321,fac.321@examforge.edu,Computer Science,Professor,9800000000,Ph.D.
FAC-00322,fac_322,fac.322@examforge.edu,Computer Science,Professor,9800000000,Ph.D.
FAC-00323,fac_323,fac.323@examforge.edu,Computer Science,Professor,9800000000,Ph.D.
FAC-00324,fac_324,fac.324@examforge.edu,Computer Science,Professor,9800000000,Ph.D.
FAC-00325,fac_325,fac.325@examforge.edu,Computer Science,Professor,9800000000,Ph.D.
FAC-00326,fac_326,fac.326@examforge.edu,Computer Science,Professor,9800000000,Ph.D.
FAC-00327,fac_327,fac.327@examforge.edu,Computer Science,Professor,9800000000,Ph.D.
FAC-00328,fac_328,fac.328@examforge.edu,Computer Science,Professor,9800000000,Ph.D.
FAC-00329,fac_329,fac.329@examforge.edu,Computer Science,Professor,9800000000,Ph.D.
FAC-00330,fac_330,fac.330@examforge.edu,Computer Science,Professor,9800000000,Ph.D.
FAC-00331,fac_331,fac.331@examforge.edu,Computer Science,Professor,9800000000,Ph.D.
FAC-00332,fac_332,fac.332@examforge.edu,Computer Science,Professor,9800000000,Ph.D.
FAC-00333,fac_333,fac.333@examforge.edu,Computer Science,Professor,9800000000,Ph.D.
FAC-00334,fac_334,fac.334@examforge.edu,Computer Science,Professor,9800000000,Ph.D.
FAC-00335,fac_335,fac.335@examforge.edu,Computer Science,Professor,9800000000,Ph.D.
FAC-00336,fac_336,fac.336@examforge.edu,Computer Science,Professor,9800000000,Ph.D.
FAC-00337,fac_337,fac.337@examforge.edu,Computer Science,Professor,9800000000,Ph.D.
FAC-00338,fac_338,fac.338@examforge.edu,Computer Science,Professor,9800000000,Ph.D.
FAC-00339,fac_339,fac.339@examforge.edu,Computer Science,Professor,9800000000,Ph.D.
FAC-00340,fac_340,fac.340@examforge.edu,Computer Science,Professor,9800000000,Ph.D.
FAC-00341,fac_341,fac.341@examforge.edu,Computer Science,Professor,9800000000,Ph.D.
FAC-00342,fac_342,fac.342@examforge.edu,Computer Science,Professor,9800000000,Ph.D.
FAC-00343,fac_343,fac.343@examforge.edu,Computer Science,Professor,9800000000,Ph.D.
FAC-00344,fac_344,fac.344@examforge.edu,Computer Science,Professor,9800000000,Ph.D.
FAC-00345,fac_345,fac.345@examforge.edu,Computer Science,Professor,9800000000,Ph.D.
FAC-00346,fac_346,fac.346@examforge.edu,Computer Science,Professor,9800000000,Ph.D.
FAC-00347,fac_347,fac.347@examforge.edu,Computer Science,Professor,9800000000,Ph.D.
FAC-00348,fac_348,fac.348@examforge.edu,Computer Science,Professor,9800000000,Ph.D.
FAC-00349,fac_349,fac.349@examforge.edu,Computer Science,Professor,9800000000,Ph.D.
FAC-00350,fac_350,fac.350@examforge.edu,Computer Science,Professor,9800000000,Ph.D.
FAC-00351,fac_351,fac.351@examforge.edu,Computer Science,Professor,9800000000,Ph.D.
FAC-00352,fac_352,fac.352@examforge.edu,Computer Science,Professor,9800000000,Ph.D.
FAC-00353,fac_353,fac.353@examforge.edu,Computer Science,Professor,9800000000,Ph.D.
FAC-00354,fac_354,fac.354@examforge.edu,Computer Science,Professor,9800000000,Ph.D.
FAC-00355,fac_355,fac.355@examforge.edu,Computer Science,Professor,9800000000,Ph.D.
FAC-00356,fac_356,fac.356@examforge.edu,Computer Science,Professor,9800000000,Ph.D.
FAC-00357,fac_357,fac.357@examforge.edu,Computer Science,Professor,9800000000,Ph.D.
FAC-00358,fac_358,fac.358@examforge.edu,Computer Science,Professor,9800000000,Ph.D.
FAC-00359,fac_359,fac.359@examforge.edu,Computer Science,Professor,9800000000,Ph.D.
FAC-00360,fac_360,fac.360@examforge.edu,Computer Science,Professor,9800000000,Ph.D.
FAC-00361,fac_361,fac.361@examforge.edu,Computer Science,Professor,9800000000,Ph.D.
FAC-00362,fac_362,fac.362@examforge.edu,Computer Science,Professor,9800000000,Ph.D.
FAC-00363,fac_363,fac.363@examforge.edu,Computer Science,Professor,9800000000,Ph.D.
FAC-00364,fac_364,fac.364@examforge.edu,Computer Science,Professor,9800000000,Ph.D.
FAC-00365,fac_365,fac.365@examforge.edu,Computer Science,Professor,9800000000,Ph.D.
FAC-00366,fac_366,fac.366@examforge.edu,Computer Science,Professor,9800000000,Ph.D.
FAC-00367,fac_367,fac.367@examforge.edu,Computer Science,Professor,9800000000,Ph.D.
FAC-00368,fac_368,fac.368@examforge.edu,Computer Science,Professor,9800000000,Ph.D.
FAC-00369,fac_369,fac.369@examforge.edu,Computer Science,Professor,9800000000,Ph.D.
FAC-00370,fac_370,fac.370@examforge.edu,Computer Science,Professor,9800000000,Ph.D.
FAC-00371,fac_371,fac.371@examforge.edu,Computer Science,Professor,9800000000,Ph.D.
FAC-00372,fac_372,fac.372@examforge.edu,Computer Science,Professor,9800000000,Ph.D.
FAC-00373,fac_373,fac.373@examforge.edu,Computer Science,Professor,9800000000,Ph.D.
FAC-00374,fac_374,fac.374@examforge.edu,Computer Science,Professor,9800000000,Ph.D.
FAC-00375,fac_375,fac.375@examforge.edu,Computer Science,Professor,9800000000,Ph.D.
FAC-00376,fac_376,fac.376@examforge.edu,Computer Science,Professor,9800000000,Ph.D.
FAC-00377,fac_377,fac.377@examforge.edu,Computer Science,Professor,9800000000,Ph.D.
FAC-00378,fac_378,fac.378@examforge.edu,Computer Science,Professor,9800000000,Ph.D.
FAC-00379,fac_379,fac.379@examforge.edu,Computer Science,Professor,9800000000,Ph.D.
FAC-00380,fac_380,fac.380@examforge.edu,Computer Science,Professor,9800000000,Ph.D.
FAC-00381,fac_381,fac.381@examforge.edu,Computer Science,Professor,9800000000,Ph.D.
FAC-00382,fac_382,fac.382@examforge.edu,Computer Science,Professor,9800000000,Ph.D.
FAC-00383,fac_383,fac.383@examforge.edu,Computer Science,Professor,9800000000,Ph.D.
FAC-00384,fac_384,fac.384@examforge.edu,Computer Science,Professor,9800000000,Ph.D.
FAC-00385,fac_385,fac.385@examforge.edu,Computer Science,Professor,9800000000,Ph.D.
FAC-00386,fac_386,fac.386@examforge.edu,Computer Science,Professor,9800000000,Ph.D.
FAC-00387,fac_387,fac.387@examforge.edu,Computer Science,Professor,9800000000,Ph.D.
FAC-00388,fac_388,fac.388@examforge.edu,Computer Science,Professor,9800000000,Ph.D.
FAC-00389,fac_389,fac.389@examforge.edu,Computer Science,Professor,9800000000,Ph.D.
FAC-00390,fac_390,fac.390@examforge.edu,Computer Science,Professor,9800000000,Ph.D.
FAC-00391,fac_391,fac.391@examforge.edu,Computer Science,Professor,9800000000,Ph.D.
FAC-00392,fac_392,fac.392@examforge.edu,Computer Science,Professor,9800000000,Ph.D.
FAC-00393,fac_393,fac.393@examforge.edu,Computer Science,Professor,9800000000,Ph.D.
FAC-00394,fac_394,fac.394@examforge.edu,Computer Science,Professor,9800000000,Ph.D.
FAC-00395,fac_395,fac.395@examforge.edu,Computer Science,Professor,9800000000,Ph.D.
FAC-00396,fac_396,fac.396@examforge.edu,Computer Science,Professor,9800000000,Ph.D.
FAC-00397,fac_397,fac.397@examforge.edu,Computer Science,Professor,9800000000,Ph.D.
FAC-00398,fac_398,fac.398@examforge.edu,Computer Science,Professor,9800000000,Ph.D.
FAC-00399,fac_399,fac.399@examforge.edu,Computer Science,Professor,9800000000,Ph.D.
FAC-00400,fac_400,fac.400@examforge.edu,Computer Science,Professor,9800000000,Ph.D.
FAC-00401,fac_401,fac.401@examforge.edu,Computer Science,Professor,9800000000,Ph.D.
FAC-00402,fac_402,fac.402@examforge.edu,Computer Science,Professor,9800000000,Ph.D.
FAC-00403,fac_403,fac.403@examforge.edu,Computer Science,Professor,9800000000,Ph.D.
FAC-00404,fac_404,fac.404@examforge.edu,Computer Science,Professor,9800000000,Ph.D.
FAC-00405,fac_405,fac.405@examforge.edu,Computer Science,Professor,9800000000,Ph.D.
FAC-00406,fac_406,fac.406@examforge.edu,Computer Science,Professor,9800000000,Ph.D.
FAC-00407,fac_407,fac.407@examforge.edu,Computer Science,Professor,9800000000,Ph.D.
FAC-00408,fac_408,fac.408@examforge.edu,Computer Science,Professor,9800000000,Ph.D.
FAC-00409,fac_409,fac.409@examforge.edu,Computer Science,Professor,9800000000,Ph.D.
FAC-00410,fac_410,fac.410@examforge.edu,Computer Science,Professor,9800000000,Ph.D.
FAC-00411,fac_411,fac.411@examforge.edu,Computer Science,Professor,9800000000,Ph.D.
FAC-00412,fac_412,fac.412@examforge.edu,Computer Science,Professor,9800000000,Ph.D.
FAC-00413,fac_413,fac.413@examforge.edu,Computer Science,Professor,9800000000,Ph.D.
FAC-00414,fac_414,fac.414@examforge.edu,Computer Science,Professor,9800000000,Ph.D.
FAC-00415,fac_415,fac.415@examforge.edu,Computer Science,Professor,9800000000,Ph.D.
FAC-00416,fac_416,fac.416@examforge.edu,Computer Science,Professor,9800000000,Ph.D.
FAC-00417,fac_417,fac.417@examforge.edu,Computer Science,Professor,9800000000,Ph.D.
FAC-00418,fac_418,fac.418@examforge.edu,Computer Science,Professor,9800000000,Ph.D.
FAC-00419,fac_419,fac.419@examforge.edu,Computer Science,Professor,9800000000,Ph.D.
FAC-00420,fac_420,fac.420@examforge.edu,Computer Science,Professor,9800000000,Ph.D.
FAC-00421,fac_421,fac.421@examforge.edu,Computer Science,Professor,9800000000,Ph.D.
FAC-00422,fac_422,fac.422@examforge.edu,Computer Science,Professor,9800000000,Ph.D.
FAC-00423,fac_423,fac.423@examforge.edu,Computer Science,Professor,9800000000,Ph.D.
FAC-00424,fac_424,fac.424@examforge.edu,Computer Science,Professor,9800000000,Ph.D.
FAC-00425,fac_425,fac.425@examforge.edu,Computer Science,Professor,9800000000,Ph.D.
FAC-00426,fac_426,fac.426@examforge.edu,Computer Science,Professor,9800000000,Ph.D.
FAC-00427,fac_427,fac.427@examforge.edu,Computer Science,Professor,9800000000,Ph.D.
FAC-00428,fac_428,fac.428@examforge.edu,Computer Science,Professor,9800000000,Ph.D.
FAC-00429,fac_429,fac.429@examforge.edu,Computer Science,Professor,9800000000,Ph.D.
FAC-00430,fac_430,fac.430@examforge.edu,Computer Science,Professor,9800000000,Ph.D.
FAC-00431,fac_431,fac.431@examforge.edu,Computer Science,Professor,9800000000,Ph.D.
FAC-00432,fac_432,fac.432@examforge.edu,Computer Science,Professor,9800000000,Ph.D.
FAC-00433,fac_433,fac.433@examforge.edu,Computer Science,Professor,9800000000,Ph.D.
FAC-00434,fac_434,fac.434@examforge.edu,Computer Science,Professor,9800000000,Ph.D.
FAC-00435,fac_435,fac.435@examforge.edu,Computer Science,Professor,9800000000,Ph.D.
FAC-00436,fac_436,fac.436@examforge.edu,Computer Science,Professor,9800000000,Ph.D.
FAC-00437,fac_437,fac.437@examforge.edu,Computer Science,Professor,9800000000,Ph.D.
FAC-00438,fac_438,fac.438@examforge.edu,Computer Science,Professor,9800000000,Ph.D.
FAC-00439,fac_439,fac.439@examforge.edu,Computer Science,Professor,9800000000,Ph.D.
FAC-00440,fac_440,fac.440@examforge.edu,Computer Science,Professor,9800000000,Ph.D.
FAC-00441,fac_441,fac.441@examforge.edu,Computer Science,Professor,9800000000,Ph.D.
FAC-00442,fac_442,fac.442@examforge.edu,Computer Science,Professor,9800000000,Ph.D.
FAC-00443,fac_443,fac.443@examforge.edu,Computer Science,Professor,9800000000,Ph.D.
FAC-00444,fac_444,fac.444@examforge.edu,Computer Science,Professor,9800000000,Ph.D.
FAC-00445,fac_445,fac.445@examforge.edu,Computer Science,Professor,9800000000,Ph.D.
FAC-00446,fac_446,fac.446@examforge.edu,Computer Science,Professor,9800000000,Ph.D.
FAC-00447,fac_447,fac.447@examforge.edu,Computer Science,Professor,9800000000,Ph.D.
FAC-00448,fac_448,fac.448@examforge.edu,Computer Science,Professor,9800000000,Ph.D.
FAC-00449,fac_449,fac.449@examforge.edu,Computer Science,Professor,9800000000,Ph.D.
FAC-00450,fac_450,fac.450@examforge.edu,Computer Science,Professor,9800000000,Ph.D.
FAC-00451,fac_451,fac.451@examforge.edu,Computer Science,Professor,9800000000,Ph.D.
FAC-00452,fac_452,fac.452@examforge.edu,Computer Science,Professor,9800000000,Ph.D.
FAC-00453,fac_453,fac.453@examforge.edu,Computer Science,Professor,9800000000,Ph.D.
FAC-00454,fac_454,fac.454@examforge.edu,Computer Science,Professor,9800000000,Ph.D.
FAC-00455,fac_455,fac.455@examforge.edu,Computer Science,Professor,9800000000,Ph.D.
FAC-00456,fac_456,fac.456@examforge.edu,Computer Science,Professor,9800000000,Ph.D.
FAC-00457,fac_457,fac.457@examforge.edu,Computer Science,Professor,9800000000,Ph.D.
FAC-00458,fac_458,fac.458@examforge.edu,Computer Science,Professor,9800000000,Ph.D.
FAC-00459,fac_459,fac.459@examforge.edu,Computer Science,Professor,9800000000,Ph.D.
FAC-00460,fac_460,fac.460@examforge.edu,Computer Science,Professor,9800000000,Ph.D.
FAC-00461,fac_461,fac.461@examforge.edu,Computer Science,Professor,9800000000,Ph.D.
FAC-00462,fac_462,fac.462@examforge.edu,Computer Science,Professor,9800000000,Ph.D.
FAC-00463,fac_463,fac.463@examforge.edu,Computer Science,Professor,9800000000,Ph.D.
FAC-00464,fac_464,fac.464@examforge.edu,Computer Science,Professor,9800000000,Ph.D.
FAC-00465,fac_465,fac.465@examforge.edu,Computer Science,Professor,9800000000,Ph.D.
FAC-00466,fac_466,fac.466@examforge.edu,Computer Science,Professor,9800000000,Ph.D.
FAC-00467,fac_467,fac.467@examforge.edu,Computer Science,Professor,9800000000,Ph.D.
FAC-00468,fac_468,fac.468@examforge.edu,Computer Science,Professor,9800000000,Ph.D.
FAC-00469,fac_469,fac.469@examforge.edu,Computer Science,Professor,9800000000,Ph.D.
FAC-00470,fac_470,fac.470@examforge.edu,Computer Science,Professor,9800000000,Ph.D.
FAC-00471,fac_471,fac.471@examforge.edu,Computer Science,Professor,9800000000,Ph.D.
FAC-00472,fac_472,fac.472@examforge.edu,Computer Science,Professor,9800000000,Ph.D.
FAC-00473,fac_473,fac.473@examforge.edu,Computer Science,Professor,9800000000,Ph.D.
FAC-00474,fac_474,fac.474@examforge.edu,Computer Science,Professor,9800000000,Ph.D.
FAC-00475,fac_475,fac.475@examforge.edu,Computer Science,Professor,9800000000,Ph.D.
FAC-00476,fac_476,fac.476@examforge.edu,Computer Science,Professor,9800000000,Ph.D.
FAC-00477,fac_477,fac.477@examforge.edu,Computer Science,Professor,9800000000,Ph.D.
FAC-00478,fac_478,fac.478@examforge.edu,Computer Science,Professor,9800000000,Ph.D.
FAC-00479,fac_479,fac.479@examforge.edu,Computer Science,Professor,9800000000,Ph.D.
FAC-00480,fac_480,fac.480@examforge.edu,Computer Science,Professor,9800000000,Ph.D.
FAC-00481,fac_481,fac.481@examforge.edu,Computer Science,Professor,9800000000,Ph.D.
FAC-00482,fac_482,fac.482@examforge.edu,Computer Science,Professor,9800000000,Ph.D.
FAC-00483,fac_483,fac.483@examforge.edu,Computer Science,Professor,9800000000,Ph.D.
FAC-00484,fac_484,fac.484@examforge.edu,Computer Science,Professor,9800000000,Ph.D.
FAC-00485,fac_485,fac.485@examforge.edu,Computer Science,Professor,9800000000,Ph.D.
FAC-00486,fac_486,fac.486@examforge.edu,Computer Science,Professor,9800000000,Ph.D.
FAC-00487,fac_487,fac.487@examforge.edu,Computer Science,Professor,9800000000,Ph.D.
FAC-00488,fac_488,fac.488@examforge.edu,Computer Science,Professor,9800000000,Ph.D.
FAC-00489,fac_489,fac.489@examforge.edu,Computer Science,Professor,9800000000,Ph.D.
FAC-00490,fac_490,fac.490@examforge.edu,Computer Science,Professor,9800000000,Ph.D.
FAC-00491,fac_491,fac.491@examforge.edu,Computer Science,Professor,9800000000,Ph.D.
FAC-00492,fac_492,fac.492@examforge.edu,Computer Science,Professor,9800000000,Ph.D.
FAC-00493,fac_493,fac.493@examforge.edu,Computer Science,Professor,9800000000,Ph.D.
FAC-00494,fac_494,fac.494@examforge.edu,Computer Science,Professor,9800000000,Ph.D.
FAC-00495,fac_495,fac.495@examforge.edu,Computer Science,Professor,9800000000,Ph.D.
FAC-00496,fac_496,fac.496@examforge.edu,Computer Science,Professor,9800000000,Ph.D.
FAC-00497,fac_497,fac.497@examforge.edu,Computer Science,Professor,9800000000,Ph.D.
FAC-00498,fac_498,fac.498@examforge.edu,Computer Science,Professor,9800000000,Ph.D.
FAC-00499,fac_499,fac.499@examforge.edu,Computer Science,Professor,9800000000,Ph.D.
FAC-00500,fac_500,fac.500@examforge.edu,Computer Science,Professor,9800000000,Ph.D.
FAC-00501,fac_501,fac.501@examforge.edu,Computer Science,Professor,9800000000,Ph.D.
FAC-00502,fac_502,fac.502@examforge.edu,Computer Science,Professor,9800000000,Ph.D.
FAC-00503,fac_503,fac.503@examforge.edu,Computer Science,Professor,9800000000,Ph.D.
FAC-00504,fac_504,fac.504@examforge.edu,Computer Science,Professor,9800000000,Ph.D.
FAC-00505,fac_505,fac.505@examforge.edu,Computer Science,Professor,9800000000,Ph.D.
FAC-00506,fac_506,fac.506@examforge.edu,Computer Science,Professor,9800000000,Ph.D.
FAC-00507,fac_507,fac.507@examforge.edu,Computer Science,Professor,9800000000,Ph.D.
FAC-00508,fac_508,fac.508@examforge.edu,Computer Science,Professor,9800000000,Ph.D.
FAC-00509,fac_509,fac.509@examforge.edu,Computer Science,Professor,9800000000,Ph.D.
FAC-00510,fac_510,fac.510@examforge.edu,Computer Science,Professor,9800000000,Ph.D.
FAC-00511,fac_511,fac.511@examforge.edu,Computer Science,Professor,9800000000,Ph.D.
FAC-00512,fac_512,fac.512@examforge.edu,Computer Science,Professor,9800000000,Ph.D.
FAC-00513,fac_513,fac.513@examforge.edu,Computer Science,Professor,9800000000,Ph.D.
FAC-00514,fac_514,fac.514@examforge.edu,Computer Science,Professor,9800000000,Ph.D.
FAC-00515,fac_515,fac.515@examforge.edu,Computer Science,Professor,9800000000,Ph.D.
FAC-00516,fac_516,fac.516@examforge.edu,Computer Science,Professor,9800000000,Ph.D.
FAC-00517,fac_517,fac.517@examforge.edu,Computer Science,Professor,9800000000,Ph.D.
FAC-00518,fac_518,fac.518@examforge.edu,Computer Science,Professor,9800000000,Ph.D.
FAC-00519,fac_519,fac.519@examforge.edu,Computer Science,Professor,9800000000,Ph.D.
FAC-00520,fac_520,fac.520@examforge.edu,Computer Science,Professor,9800000000,Ph.D.
FAC-00521,fac_521,fac.521@examforge.edu,Computer Science,Professor,9800000000,Ph.D.
FAC-00522,fac_522,fac.522@examforge.edu,Computer Science,Professor,9800000000,Ph.D.
FAC-00523,fac_523,fac.523@examforge.edu,Computer Science,Professor,9800000000,Ph.D.
FAC-00524,fac_524,fac.524@examforge.edu,Computer Science,Professor,9800000000,Ph.D.
FAC-00525,fac_525,fac.525@examforge.edu,Computer Science,Professor,9800000000,Ph.D.
FAC-00526,fac_526,fac.526@examforge.edu,Computer Science,Professor,9800000000,Ph.D.
FAC-00527,fac_527,fac.527@examforge.edu,Computer Science,Professor,9800000000,Ph.D.
FAC-00528,fac_528,fac.528@examforge.edu,Computer Science,Professor,9800000000,Ph.D.
FAC-00529,fac_529,fac.529@examforge.edu,Computer Science,Professor,9800000000,Ph.D.
FAC-00530,fac_530,fac.530@examforge.edu,Computer Science,Professor,9800000000,Ph.D.
FAC-00531,fac_531,fac.531@examforge.edu,Computer Science,Professor,9800000000,Ph.D.
FAC-00532,fac_532,fac.532@examforge.edu,Computer Science,Professor,9800000000,Ph.D.
FAC-00533,fac_533,fac.533@examforge.edu,Computer Science,Professor,9800000000,Ph.D.
FAC-00534,fac_534,fac.534@examforge.edu,Computer Science,Professor,9800000000,Ph.D.
FAC-00535,fac_535,fac.535@examforge.edu,Computer Science,Professor,9800000000,Ph.D.
FAC-00536,fac_536,fac.536@examforge.edu,Computer Science,Professor,9800000000,Ph.D.
FAC-00537,fac_537,fac.537@examforge.edu,Computer Science,Professor,9800000000,Ph.D.
FAC-00538,fac_538,fac.538@examforge.edu,Computer Science,Professor,9800000000,Ph.D.
FAC-00539,fac_539,fac.539@examforge.edu,Computer Science,Professor,9800000000,Ph.D.
FAC-00540,fac_540,fac.540@examforge.edu,Computer Science,Professor,9800000000,Ph.D.
FAC-00541,fac_541,fac.541@examforge.edu,Computer Science,Professor,9800000000,Ph.D.
FAC-00542,fac_542,fac.542@examforge.edu,Computer Science,Professor,9800000000,Ph.D.
FAC-00543,fac_543,fac.543@examforge.edu,Computer Science,Professor,9800000000,Ph.D.
FAC-00544,fac_544,fac.544@examforge.edu,Computer Science,Professor,9800000000,Ph.D.
FAC-00545,fac_545,fac.545@examforge.edu,Computer Science,Professor,9800000000,Ph.D.
FAC-00546,fac_546,fac.546@examforge.edu,Computer Science,Professor,9800000000,Ph.D.
FAC-00547,fac_547,fac.547@examforge.edu,Computer Science,Professor,9800000000,Ph.D.
FAC-00548,fac_548,fac.548@examforge.edu,Computer Science,Professor,9800000000,Ph.D.
FAC-00549,fac_549,fac.549@examforge.edu,Computer Science,Professor,9800000000,Ph.D.
FAC-00550,fac_550,fac.550@examforge.edu,Computer Science,Professor,9800000000,Ph.D.
FAC-00551,fac_551,fac.551@examforge.edu,Computer Science,Professor,9800000000,Ph.D.
FAC-00552,fac_552,fac.552@examforge.edu,Computer Science,Professor,9800000000,Ph.D.
FAC-00553,fac_553,fac.553@examforge.edu,Computer Science,Professor,9800000000,Ph.D.
FAC-00554,fac_554,fac.554@examforge.edu,Computer Science,Professor,9800000000,Ph.D.
FAC-00555,fac_555,fac.555@examforge.edu,Computer Science,Professor,9800000000,Ph.D.
FAC-00556,fac_556,fac.556@examforge.edu,Computer Science,Professor,9800000000,Ph.D.
FAC-00557,fac_557,fac.557@examforge.edu,Computer Science,Professor,9800000000,Ph.D.
FAC-00558,fac_558,fac.558@examforge.edu,Computer Science,Professor,9800000000,Ph.D.
FAC-00559,fac_559,fac.559@examforge.edu,Computer Science,Professor,9800000000,Ph.D.
FAC-00560,fac_560,fac.560@examforge.edu,Computer Science,Professor,9800000000,Ph.D.
FAC-00561,fac_561,fac.561@examforge.edu,Computer Science,Professor,9800000000,Ph.D.
FAC-00562,fac_562,fac.562@examforge.edu,Computer Science,Professor,9800000000,Ph.D.
FAC-00563,fac_563,fac.563@examforge.edu,Computer Science,Professor,9800000000,Ph.D.
FAC-00564,fac_564,fac.564@examforge.edu,Computer Science,Professor,9800000000,Ph.D.
FAC-00565,fac_565,fac.565@examforge.edu,Computer Science,Professor,9800000000,Ph.D.
FAC-00566,fac_566,fac.566@examforge.edu,Computer Science,Professor,9800000000,Ph.D.
FAC-00567,fac_567,fac.567@examforge.edu,Computer Science,Professor,9800000000,Ph.D.
FAC-00568,fac_568,fac.568@examforge.edu,Computer Science,Professor,9800000000,Ph.D.
FAC-00569,fac_569,fac.569@examforge.edu,Computer Science,Professor,9800000000,Ph.D.
FAC-00570,fac_570,fac.570@examforge.edu,Computer Science,Professor,9800000000,Ph.D.
FAC-00571,fac_571,fac.571@examforge.edu,Computer Science,Professor,9800000000,Ph.D.
FAC-00572,fac_572,fac.572@examforge.edu,Computer Science,Professor,9800000000,Ph.D.
FAC-00573,fac_573,fac.573@examforge.edu,Computer Science,Professor,9800000000,Ph.D.
FAC-00574,fac_574,fac.574@examforge.edu,Computer Science,Professor,9800000000,Ph.D.
FAC-00575,fac_575,fac.575@examforge.edu,Computer Science,Professor,9800000000,Ph.D.
FAC-00576,fac_576,fac.576@examforge.edu,Computer Science,Professor,9800000000,Ph.D.
FAC-00577,fac_577,fac.577@examforge.edu,Computer Science,Professor,9800000000,Ph.D.
FAC-00578,fac_578,fac.578@examforge.edu,Computer Science,Professor,9800000000,Ph.D.
FAC-00579,fac_579,fac.579@examforge.edu,Computer Science,Professor,9800000000,Ph.D.
FAC-00580,fac_580,fac.580@examforge.edu,Computer Science,Professor,9800000000,Ph.D.
FAC-00581,fac_581,fac.581@examforge.edu,Computer Science,Professor,9800000000,Ph.D.
FAC-00582,fac_582,fac.582@examforge.edu,Computer Science,Professor,9800000000,Ph.D.
FAC-00583,fac_583,fac.583@examforge.edu,Computer Science,Professor,9800000000,Ph.D.
FAC-00584,fac_584,fac.584@examforge.edu,Computer Science,Professor,9800000000,Ph.D.
FAC-00585,fac_585,fac.585@examforge.edu,Computer Science,Professor,9800000000,Ph.D.
FAC-00586,fac_586,fac.586@examforge.edu,Computer Science,Professor,9800000000,Ph.D.
FAC-00587,fac_587,fac.587@examforge.edu,Computer Science,Professor,9800000000,Ph.D.
FAC-00588,fac_588,fac.588@examforge.edu,Computer Science,Professor,9800000000,Ph.D.
FAC-00589,fac_589,fac.589@examforge.edu,Computer Science,Professor,9800000000,Ph.D.
FAC-00590,fac_590,fac.590@examforge.edu,Computer Science,Professor,9800000000,Ph.D.
FAC-00591,fac_591,fac.591@examforge.edu,Computer Science,Professor,9800000000,Ph.D.
FAC-00592,fac_592,fac.592@examforge.edu,Computer Science,Professor,9800000000,Ph.D.
FAC-00593,fac_593,fac.593@examforge.edu,Computer Science,Professor,9800000000,Ph.D.
FAC-00594,fac_594,fac.594@examforge.edu,Computer Science,Professor,9800000000,Ph.D.
FAC-00595,fac_595,fac.595@examforge.edu,Computer Science,Professor,9800000000,Ph.D.
FAC-00596,fac_596,fac.596@examforge.edu,Computer Science,Professor,9800000000,Ph.D.
FAC-00597,fac_597,fac.597@examforge.edu,Computer Science,Professor,9800000000,Ph.D.
FAC-00598,fac_598,fac.598@examforge.edu,Computer Science,Professor,9800000000,Ph.D.
FAC-00599,fac_599,fac.599@examforge.edu,Computer Science,Professor,9800000000,Ph.D.
FAC-00600,fac_600,fac.600@examforge.edu,Computer Science,Professor,9800000000,Ph.D.
FAC-00601,fac_601,fac.601@examforge.edu,Computer Science,Professor,9800000000,Ph.D.
FAC-00602,fac_602,fac.602@examforge.edu,Computer Science,Professor,9800000000,Ph.D.
FAC-00603,fac_603,fac.603@examforge.edu,Computer Science,Professor,9800000000,Ph.D.
FAC-00604,fac_604,fac.604@examforge.edu,Computer Science,Professor,9800000000,Ph.D.
FAC-00605,fac_605,fac.605@examforge.edu,Computer Science,Professor,9800000000,Ph.D.
FAC-00606,fac_606,fac.606@examforge.edu,Computer Science,Professor,9800000000,Ph.D.
FAC-00607,fac_607,fac.607@examforge.edu,Computer Science,Professor,9800000000,Ph.D.
FAC-00608,fac_608,fac.608@examforge.edu,Computer Science,Professor,9800000000,Ph.D.
FAC-00609,fac_609,fac.609@examforge.edu,Computer Science,Professor,9800000000,Ph.D.
FAC-00610,fac_610,fac.610@examforge.edu,Computer Science,Professor,9800000000,Ph.D.
FAC-00611,fac_611,fac.611@examforge.edu,Computer Science,Professor,9800000000,Ph.D.
FAC-00612,fac_612,fac.612@examforge.edu,Computer Science,Professor,9800000000,Ph.D.
FAC-00613,fac_613,fac.613@examforge.edu,Computer Science,Professor,9800000000,Ph.D.
FAC-00614,fac_614,fac.614@examforge.edu,Computer Science,Professor,9800000000,Ph.D.
FAC-00615,fac_615,fac.615@examforge.edu,Computer Science,Professor,9800000000,Ph.D.
FAC-00616,fac_616,fac.616@examforge.edu,Computer Science,Professor,9800000000,Ph.D.
FAC-00617,fac_617,fac.617@examforge.edu,Computer Science,Professor,9800000000,Ph.D.
FAC-00618,fac_618,fac.618@examforge.edu,Computer Science,Professor,9800000000,Ph.D.
FAC-00619,fac_619,fac.619@examforge.edu,Computer Science,Professor,9800000000,Ph.D.
FAC-00620,fac_620,fac.620@examforge.edu,Computer Science,Professor,9800000000,Ph.D.
FAC-00621,fac_621,fac.621@examforge.edu,Computer Science,Professor,9800000000,Ph.D.
FAC-00622,fac_622,fac.622@examforge.edu,Computer Science,Professor,9800000000,Ph.D.
FAC-00623,fac_623,fac.623@examforge.edu,Computer Science,Professor,9800000000,Ph.D.
FAC-00624,fac_624,fac.624@examforge.edu,Computer Science,Professor,9800000000,Ph.D.
FAC-00625,fac_625,fac.625@examforge.edu,Computer Science,Professor,9800000000,Ph.D.
FAC-00626,fac_626,fac.626@examforge.edu,Computer Science,Professor,9800000000,Ph.D.
FAC-00627,fac_627,fac.627@examforge.edu,Computer Science,Professor,9800000000,Ph.D.
FAC-00628,fac_628,fac.628@examforge.edu,Computer Science,Professor,9800000000,Ph.D.
FAC-00629,fac_629,fac.629@examforge.edu,Computer Science,Professor,9800000000,Ph.D.
FAC-00630,fac_630,fac.630@examforge.edu,Computer Science,Professor,9800000000,Ph.D.
FAC-00631,fac_631,fac.631@examforge.edu,Computer Science,Professor,9800000000,Ph.D.
FAC-00632,fac_632,fac.632@examforge.edu,Computer Science,Professor,9800000000,Ph.D.
FAC-00633,fac_633,fac.633@examforge.edu,Computer Science,Professor,9800000000,Ph.D.
FAC-00634,fac_634,fac.634@examforge.edu,Computer Science,Professor,9800000000,Ph.D.
FAC-00635,fac_635,fac.635@examforge.edu,Computer Science,Professor,9800000000,Ph.D.
FAC-00636,fac_636,fac.636@examforge.edu,Computer Science,Professor,9800000000,Ph.D.
FAC-00637,fac_637,fac.637@examforge.edu,Computer Science,Professor,9800000000,Ph.D.
FAC-00638,fac_638,fac.638@examforge.edu,Computer Science,Professor,9800000000,Ph.D.
FAC-00639,fac_639,fac.639@examforge.edu,Computer Science,Professor,9800000000,Ph.D.
FAC-00640,fac_640,fac.640@examforge.edu,Computer Science,Professor,9800000000,Ph.D.
FAC-00641,fac_641,fac.641@examforge.edu,Computer Science,Professor,9800000000,Ph.D.
FAC-00642,fac_642,fac.642@examforge.edu,Computer Science,Professor,9800000000,Ph.D.
FAC-00643,fac_643,fac.643@examforge.edu,Computer Science,Professor,9800000000,Ph.D.
FAC-00644,fac_644,fac.644@examforge.edu,Computer Science,Professor,9800000000,Ph.D.
FAC-00645,fac_645,fac.645@examforge.edu,Computer Science,Professor,9800000000,Ph.D.
FAC-00646,fac_646,fac.646@examforge.edu,Computer Science,Professor,9800000000,Ph.D.
FAC-00647,fac_647,fac.647@examforge.edu,Computer Science,Professor,9800000000,Ph.D.
FAC-00648,fac_648,fac.648@examforge.edu,Computer Science,Professor,9800000000,Ph.D.
FAC-00649,fac_649,fac.649@examforge.edu,Computer Science,Professor,9800000000,Ph.D.
FAC-00650,fac_650,fac.650@examforge.edu,Computer Science,Professor,9800000000,Ph.D.
FAC-00651,fac_651,fac.651@examforge.edu,Computer Science,Professor,9800000000,Ph.D.
FAC-00652,fac_652,fac.652@examforge.edu,Computer Science,Professor,9800000000,Ph.D.
FAC-00653,fac_653,fac.653@examforge.edu,Computer Science,Professor,9800000000,Ph.D.
FAC-00654,fac_654,fac.654@examforge.edu,Computer Science,Professor,9800000000,Ph.D.
FAC-00655,fac_655,fac.655@examforge.edu,Computer Science,Professor,9800000000,Ph.D.
FAC-00656,fac_656,fac.656@examforge.edu,Computer Science,Professor,9800000000,Ph.D.
FAC-00657,fac_657,fac.657@examforge.edu,Computer Science,Professor,9800000000,Ph.D.
FAC-00658,fac_658,fac.658@examforge.edu,Computer Science,Professor,9800000000,Ph.D.
FAC-00659,fac_659,fac.659@examforge.edu,Computer Science,Professor,9800000000,Ph.D.
FAC-00660,fac_660,fac.660@examforge.edu,Computer Science,Professor,9800000000,Ph.D.
FAC-00661,fac_661,fac.661@examforge.edu,Computer Science,Professor,9800000000,Ph.D.
FAC-00662,fac_662,fac.662@examforge.edu,Computer Science,Professor,9800000000,Ph.D.
FAC-00663,fac_663,fac.663@examforge.edu,Computer Science,Professor,9800000000,Ph.D.
FAC-00664,fac_664,fac.664@examforge.edu,Computer Science,Professor,9800000000,Ph.D.
FAC-00665,fac_665,fac.665@examforge.edu,Computer Science,Professor,9800000000,Ph.D.
FAC-00666,fac_666,fac.666@examforge.edu,Computer Science,Professor,9800000000,Ph.D.
FAC-00667,fac_667,fac.667@examforge.edu,Computer Science,Professor,9800000000,Ph.D.
FAC-00668,fac_668,fac.668@examforge.edu,Computer Science,Professor,9800000000,Ph.D.
FAC-00669,fac_669,fac.669@examforge.edu,Computer Science,Professor,9800000000,Ph.D.
FAC-00670,fac_670,fac.670@examforge.edu,Computer Science,Professor,9800000000,Ph.D.
FAC-00671,fac_671,fac.671@examforge.edu,Computer Science,Professor,9800000000,Ph.D.
FAC-00672,fac_672,fac.672@examforge.edu,Computer Science,Professor,9800000000,Ph.D.
FAC-00673,fac_673,fac.673@examforge.edu,Computer Science,Professor,9800000000,Ph.D.
FAC-00674,fac_674,fac.674@examforge.edu,Computer Science,Professor,9800000000,Ph.D.
FAC-00675,fac_675,fac.675@examforge.edu,Computer Science,Professor,9800000000,Ph.D.
FAC-00676,fac_676,fac.676@examforge.edu,Computer Science,Professor,9800000000,Ph.D.
FAC-00677,fac_677,fac.677@examforge.edu,Computer Science,Professor,9800000000,Ph.D.
FAC-00678,fac_678,fac.678@examforge.edu,Computer Science,Professor,9800000000,Ph.D.
FAC-00679,fac_679,fac.679@examforge.edu,Computer Science,Professor,9800000000,Ph.D.
FAC-00680,fac_680,fac.680@examforge.edu,Computer Science,Professor,9800000000,Ph.D.
FAC-00681,fac_681,fac.681@examforge.edu,Computer Science,Professor,9800000000,Ph.D.
FAC-00682,fac_682,fac.682@examforge.edu,Computer Science,Professor,9800000000,Ph.D.
FAC-00683,fac_683,fac.683@examforge.edu,Computer Science,Professor,9800000000,Ph.D.
FAC-00684,fac_684,fac.684@examforge.edu,Computer Science,Professor,9800000000,Ph.D.
FAC-00685,fac_685,fac.685@examforge.edu,Computer Science,Professor,9800000000,Ph.D.
FAC-00686,fac_686,fac.686@examforge.edu,Computer Science,Professor,9800000000,Ph.D.
FAC-00687,fac_687,fac.687@examforge.edu,Computer Science,Professor,9800000000,Ph.D.
FAC-00688,fac_688,fac.688@examforge.edu,Computer Science,Professor,9800000000,Ph.D.
FAC-00689,fac_689,fac.689@examforge.edu,Computer Science,Professor,9800000000,Ph.D.
FAC-00690,fac_690,fac.690@examforge.edu,Computer Science,Professor,9800000000,Ph.D.
FAC-00691,fac_691,fac.691@examforge.edu,Computer Science,Professor,9800000000,Ph.D.
FAC-00692,fac_692,fac.692@examforge.edu,Computer Science,Professor,9800000000,Ph.D.
FAC-00693,fac_693,fac.693@examforge.edu,Computer Science,Professor,9800000000,Ph.D.
FAC-00694,fac_694,fac.694@examforge.edu,Computer Science,Professor,9800000000,Ph.D.
FAC-00695,fac_695,fac.695@examforge.edu,Computer Science,Professor,9800000000,Ph.D.
FAC-00696,fac_696,fac.696@examforge.edu,Computer Science,Professor,9800000000,Ph.D.
FAC-00697,fac_697,fac.697@examforge.edu,Computer Science,Professor,9800000000,Ph.D.
FAC-00698,fac_698,fac.698@examforge.edu,Computer Science,Professor,9800000000,Ph.D.
FAC-00699,fac_699,fac.699@examforge.edu,Computer Science,Professor,9800000000,Ph.D.
FAC-00700,fac_700,fac.700@examforge.edu,Computer Science,Professor,9800000000,Ph.D.
FAC-00701,fac_701,fac.701@examforge.edu,Computer Science,Professor,9800000000,Ph.D.
FAC-00702,fac_702,fac.702@examforge.edu,Computer Science,Professor,9800000000,Ph.D.
FAC-00703,fac_703,fac.703@examforge.edu,Computer Science,Professor,9800000000,Ph.D.
FAC-00704,fac_704,fac.704@examforge.edu,Computer Science,Professor,9800000000,Ph.D.
FAC-00705,fac_705,fac.705@examforge.edu,Computer Science,Professor,9800000000,Ph.D.
FAC-00706,fac_706,fac.706@examforge.edu,Computer Science,Professor,9800000000,Ph.D.
FAC-00707,fac_707,fac.707@examforge.edu,Computer Science,Professor,9800000000,Ph.D.
FAC-00708,fac_708,fac.708@examforge.edu,Computer Science,Professor,9800000000,Ph.D.
FAC-00709,fac_709,fac.709@examforge.edu,Computer Science,Professor,9800000000,Ph.D.
FAC-00710,fac_710,fac.710@examforge.edu,Computer Science,Professor,9800000000,Ph.D.
FAC-00711,fac_711,fac.711@examforge.edu,Computer Science,Professor,9800000000,Ph.D.
FAC-00712,fac_712,fac.712@examforge.edu,Computer Science,Professor,9800000000,Ph.D.
FAC-00713,fac_713,fac.713@examforge.edu,Computer Science,Professor,9800000000,Ph.D.
FAC-00714,fac_714,fac.714@examforge.edu,Computer Science,Professor,9800000000,Ph.D.
FAC-00715,fac_715,fac.715@examforge.edu,Computer Science,Professor,9800000000,Ph.D.
FAC-00716,fac_716,fac.716@examforge.edu,Computer Science,Professor,9800000000,Ph.D.
FAC-00717,fac_717,fac.717@examforge.edu,Computer Science,Professor,9800000000,Ph.D.
FAC-00718,fac_718,fac.718@examforge.edu,Computer Science,Professor,9800000000,Ph.D.
FAC-00719,fac_719,fac.719@examforge.edu,Computer Science,Professor,9800000000,Ph.D.
FAC-00720,fac_720,fac.720@examforge.edu,Computer Science,Professor,9800000000,Ph.D.
FAC-00721,fac_721,fac.721@examforge.edu,Computer Science,Professor,9800000000,Ph.D.
FAC-00722,fac_722,fac.722@examforge.edu,Computer Science,Professor,9800000000,Ph.D.
FAC-00723,fac_723,fac.723@examforge.edu,Computer Science,Professor,9800000000,Ph.D.
FAC-00724,fac_724,fac.724@examforge.edu,Computer Science,Professor,9800000000,Ph.D.
FAC-00725,fac_725,fac.725@examforge.edu,Computer Science,Professor,9800000000,Ph.D.
FAC-00726,fac_726,fac.726@examforge.edu,Computer Science,Professor,9800000000,Ph.D.
FAC-00727,fac_727,fac.727@examforge.edu,Computer Science,Professor,9800000000,Ph.D.
FAC-00728,fac_728,fac.728@examforge.edu,Computer Science,Professor,9800000000,Ph.D.
FAC-00729,fac_729,fac.729@examforge.edu,Computer Science,Professor,9800000000,Ph.D.
FAC-00730,fac_730,fac.730@examforge.edu,Computer Science,Professor,9800000000,Ph.D.
FAC-00731,fac_731,fac.731@examforge.edu,Computer Science,Professor,9800000000,Ph.D.
FAC-00732,fac_732,fac.732@examforge.edu,Computer Science,Professor,9800000000,Ph.D.
FAC-00733,fac_733,fac.733@examforge.edu,Computer Science,Professor,9800000000,Ph.D.
FAC-00734,fac_734,fac.734@examforge.edu,Computer Science,Professor,9800000000,Ph.D.
FAC-00735,fac_735,fac.735@examforge.edu,Computer Science,Professor,9800000000,Ph.D.
FAC-00736,fac_736,fac.736@examforge.edu,Computer Science,Professor,9800000000,Ph.D.
FAC-00737,fac_737,fac.737@examforge.edu,Computer Science,Professor,9800000000,Ph.D.
FAC-00738,fac_738,fac.738@examforge.edu,Computer Science,Professor,9800000000,Ph.D.
FAC-00739,fac_739,fac.739@examforge.edu,Computer Science,Professor,9800000000,Ph.D.
FAC-00740,fac_740,fac.740@examforge.edu,Computer Science,Professor,9800000000,Ph.D.
FAC-00741,fac_741,fac.741@examforge.edu,Computer Science,Professor,9800000000,Ph.D.
FAC-00742,fac_742,fac.742@examforge.edu,Computer Science,Professor,9800000000,Ph.D.
FAC-00743,fac_743,fac.743@examforge.edu,Computer Science,Professor,9800000000,Ph.D.
FAC-00744,fac_744,fac.744@examforge.edu,Computer Science,Professor,9800000000,Ph.D.
FAC-00745,fac_745,fac.745@examforge.edu,Computer Science,Professor,9800000000,Ph.D.
FAC-00746,fac_746,fac.746@examforge.edu,Computer Science,Professor,9800000000,Ph.D.
FAC-00747,fac_747,fac.747@examforge.edu,Computer Science,Professor,9800000000,Ph.D.
FAC-00748,fac_748,fac.748@examforge.edu,Computer Science,Professor,9800000000,Ph.D.
FAC-00749,fac_749,fac.749@examforge.edu,Computer Science,Professor,9800000000,Ph.D.
FAC-00750,fac_750,fac.750@examforge.edu,Computer Science,Professor,9800000000,Ph.D.
FAC-00751,fac_751,fac.751@examforge.edu,Computer Science,Professor,9800000000,Ph.D.
FAC-00752,fac_752,fac.752@examforge.edu,Computer Science,Professor,9800000000,Ph.D.
FAC-00753,fac_753,fac.753@examforge.edu,Computer Science,Professor,9800000000,Ph.D.
FAC-00754,fac_754,fac.754@examforge.edu,Computer Science,Professor,9800000000,Ph.D.
FAC-00755,fac_755,fac.755@examforge.edu,Computer Science,Professor,9800000000,Ph.D.
FAC-00756,fac_756,fac.756@examforge.edu,Computer Science,Professor,9800000000,Ph.D.
FAC-00757,fac_757,fac.757@examforge.edu,Computer Science,Professor,9800000000,Ph.D.
FAC-00758,fac_758,fac.758@examforge.edu,Computer Science,Professor,9800000000,Ph.D.
FAC-00759,fac_759,fac.759@examforge.edu,Computer Science,Professor,9800000000,Ph.D.
FAC-00760,fac_760,fac.760@examforge.edu,Computer Science,Professor,9800000000,Ph.D.
FAC-00761,fac_761,fac.761@examforge.edu,Computer Science,Professor,9800000000,Ph.D.
FAC-00762,fac_762,fac.762@examforge.edu,Computer Science,Professor,9800000000,Ph.D.
FAC-00763,fac_763,fac.763@examforge.edu,Computer Science,Professor,9800000000,Ph.D.
FAC-00764,fac_764,fac.764@examforge.edu,Computer Science,Professor,9800000000,Ph.D.
FAC-00765,fac_765,fac.765@examforge.edu,Computer Science,Professor,9800000000,Ph.D.
FAC-00766,fac_766,fac.766@examforge.edu,Computer Science,Professor,9800000000,Ph.D.
FAC-00767,fac_767,fac.767@examforge.edu,Computer Science,Professor,9800000000,Ph.D.
FAC-00768,fac_768,fac.768@examforge.edu,Computer Science,Professor,9800000000,Ph.D.
FAC-00769,fac_769,fac.769@examforge.edu,Computer Science,Professor,9800000000,Ph.D.
FAC-00770,fac_770,fac.770@examforge.edu,Computer Science,Professor,9800000000,Ph.D.
FAC-00771,fac_771,fac.771@examforge.edu,Computer Science,Professor,9800000000,Ph.D.
FAC-00772,fac_772,fac.772@examforge.edu,Computer Science,Professor,9800000000,Ph.D.
FAC-00773,fac_773,fac.773@examforge.edu,Computer Science,Professor,9800000000,Ph.D.
FAC-00774,fac_774,fac.774@examforge.edu,Computer Science,Professor,9800000000,Ph.D.
FAC-00775,fac_775,fac.775@examforge.edu,Computer Science,Professor,9800000000,Ph.D.
FAC-00776,fac_776,fac.776@examforge.edu,Computer Science,Professor,9800000000,Ph.D.
FAC-00777,fac_777,fac.777@examforge.edu,Computer Science,Professor,9800000000,Ph.D.
FAC-00778,fac_778,fac.778@examforge.edu,Computer Science,Professor,9800000000,Ph.D.
FAC-00779,fac_779,fac.779@examforge.edu,Computer Science,Professor,9800000000,Ph.D.
FAC-00780,fac_780,fac.780@examforge.edu,Computer Science,Professor,9800000000,Ph.D.
FAC-00781,fac_781,fac.781@examforge.edu,Computer Science,Professor,9800000000,Ph.D.
FAC-00782,fac_782,fac.782@examforge.edu,Computer Science,Professor,9800000000,Ph.D.
FAC-00783,fac_783,fac.783@examforge.edu,Computer Science,Professor,9800000000,Ph.D.
FAC-00784,fac_784,fac.784@examforge.edu,Computer Science,Professor,9800000000,Ph.D.
FAC-00785,fac_785,fac.785@examforge.edu,Computer Science,Professor,9800000000,Ph.D.
FAC-00786,fac_786,fac.786@examforge.edu,Computer Science,Professor,9800000000,Ph.D.
FAC-00787,fac_787,fac.787@examforge.edu,Computer Science,Professor,9800000000,Ph.D.
FAC-00788,fac_788,fac.788@examforge.edu,Computer Science,Professor,9800000000,Ph.D.
FAC-00789,fac_789,fac.789@examforge.edu,Computer Science,Professor,9800000000,Ph.D.
FAC-00790,fac_790,fac.790@examforge.edu,Computer Science,Professor,9800000000,Ph.D.
FAC-00791,fac_791,fac.791@examforge.edu,Computer Science,Professor,9800000000,Ph.D.
FAC-00792,fac_792,fac.792@examforge.edu,Computer Science,Professor,9800000000,Ph.D.
FAC-00793,fac_793,fac.793@examforge.edu,Computer Science,Professor,9800000000,Ph.D.
FAC-00794,fac_794,fac.794@examforge.edu,Computer Science,Professor,9800000000,Ph.D.
FAC-00795,fac_795,fac.795@examforge.edu,Computer Science,Professor,9800000000,Ph.D.
FAC-00796,fac_796,fac.796@examforge.edu,Computer Science,Professor,9800000000,Ph.D.
FAC-00797,fac_797,fac.797@examforge.edu,Computer Science,Professor,9800000000,Ph.D.
FAC-00798,fac_798,fac.798@examforge.edu,Computer Science,Professor,9800000000,Ph.D.
FAC-00799,fac_799,fac.799@examforge.edu,Computer Science,Professor,9800000000,Ph.D.
FAC-00800,fac_800,fac.800@examforge.edu,Computer Science,Professor,9800000000,Ph.D.
FAC-00801,fac_801,fac.801@examforge.edu,Computer Science,Professor,9800000000,Ph.D.
FAC-00802,fac_802,fac.802@examforge.edu,Computer Science,Professor,9800000000,Ph.D.
FAC-00803,fac_803,fac.803@examforge.edu,Computer Science,Professor,9800000000,Ph.D.
FAC-00804,fac_804,fac.804@examforge.edu,Computer Science,Professor,9800000000,Ph.D.
FAC-00805,fac_805,fac.805@examforge.edu,Computer Science,Professor,9800000000,Ph.D.
FAC-00806,fac_806,fac.806@examforge.edu,Computer Science,Professor,9800000000,Ph.D.
FAC-00807,fac_807,fac.807@examforge.edu,Computer Science,Professor,9800000000,Ph.D.
FAC-00808,fac_808,fac.808@examforge.edu,Computer Science,Professor,9800000000,Ph.D.
FAC-00809,fac_809,fac.809@examforge.edu,Computer Science,Professor,9800000000,Ph.D.
FAC-00810,fac_810,fac.810@examforge.edu,Computer Science,Professor,9800000000,Ph.D.
FAC-00811,fac_811,fac.811@examforge.edu,Computer Science,Professor,9800000000,Ph.D.
FAC-00812,fac_812,fac.812@examforge.edu,Computer Science,Professor,9800000000,Ph.D.
FAC-00813,fac_813,fac.813@examforge.edu,Computer Science,Professor,9800000000,Ph.D.
FAC-00814,fac_814,fac.814@examforge.edu,Computer Science,Professor,9800000000,Ph.D.
FAC-00815,fac_815,fac.815@examforge.edu,Computer Science,Professor,9800000000,Ph.D.
FAC-00816,fac_816,fac.816@examforge.edu,Computer Science,Professor,9800000000,Ph.D.
FAC-00817,fac_817,fac.817@examforge.edu,Computer Science,Professor,9800000000,Ph.D.
FAC-00818,fac_818,fac.818@examforge.edu,Computer Science,Professor,9800000000,Ph.D.
FAC-00819,fac_819,fac.819@examforge.edu,Computer Science,Professor,9800000000,Ph.D.
FAC-00820,fac_820,fac.820@examforge.edu,Computer Science,Professor,9800000000,Ph.D.
FAC-00821,fac_821,fac.821@examforge.edu,Computer Science,Professor,9800000000,Ph.D.
FAC-00822,fac_822,fac.822@examforge.edu,Computer Science,Professor,9800000000,Ph.D.
FAC-00823,fac_823,fac.823@examforge.edu,Computer Science,Professor,9800000000,Ph.D.
FAC-00824,fac_824,fac.824@examforge.edu,Computer Science,Professor,9800000000,Ph.D.
FAC-00825,fac_825,fac.825@examforge.edu,Computer Science,Professor,9800000000,Ph.D.
FAC-00826,fac_826,fac.826@examforge.edu,Computer Science,Professor,9800000000,Ph.D.
FAC-00827,fac_827,fac.827@examforge.edu,Computer Science,Professor,9800000000,Ph.D.
FAC-00828,fac_828,fac.828@examforge.edu,Computer Science,Professor,9800000000,Ph.D.
FAC-00829,fac_829,fac.829@examforge.edu,Computer Science,Professor,9800000000,Ph.D.
FAC-00830,fac_830,fac.830@examforge.edu,Computer Science,Professor,9800000000,Ph.D.
FAC-00831,fac_831,fac.831@examforge.edu,Computer Science,Professor,9800000000,Ph.D.
FAC-00832,fac_832,fac.832@examforge.edu,Computer Science,Professor,9800000000,Ph.D.
FAC-00833,fac_833,fac.833@examforge.edu,Computer Science,Professor,9800000000,Ph.D.
FAC-00834,fac_834,fac.834@examforge.edu,Computer Science,Professor,9800000000,Ph.D.
FAC-00835,fac_835,fac.835@examforge.edu,Computer Science,Professor,9800000000,Ph.D.
FAC-00836,fac_836,fac.836@examforge.edu,Computer Science,Professor,9800000000,Ph.D.
FAC-00837,fac_837,fac.837@examforge.edu,Computer Science,Professor,9800000000,Ph.D.
FAC-00838,fac_838,fac.838@examforge.edu,Computer Science,Professor,9800000000,Ph.D.
FAC-00839,fac_839,fac.839@examforge.edu,Computer Science,Professor,9800000000,Ph.D.
FAC-00840,fac_840,fac.840@examforge.edu,Computer Science,Professor,9800000000,Ph.D.
FAC-00841,fac_841,fac.841@examforge.edu,Computer Science,Professor,9800000000,Ph.D.
FAC-00842,fac_842,fac.842@examforge.edu,Computer Science,Professor,9800000000,Ph.D.
FAC-00843,fac_843,fac.843@examforge.edu,Computer Science,Professor,9800000000,Ph.D.
FAC-00844,fac_844,fac.844@examforge.edu,Computer Science,Professor,9800000000,Ph.D.
FAC-00845,fac_845,fac.845@examforge.edu,Computer Science,Professor,9800000000,Ph.D.
FAC-00846,fac_846,fac.846@examforge.edu,Computer Science,Professor,9800000000,Ph.D.
FAC-00847,fac_847,fac.847@examforge.edu,Computer Science,Professor,9800000000,Ph.D.
FAC-00848,fac_848,fac.848@examforge.edu,Computer Science,Professor,9800000000,Ph.D.
FAC-00849,fac_849,fac.849@examforge.edu,Computer Science,Professor,9800000000,Ph.D.
FAC-00850,fac_850,fac.850@examforge.edu,Computer Science,Professor,9800000000,Ph.D.
FAC-00851,fac_851,fac.851@examforge.edu,Computer Science,Professor,9800000000,Ph.D.
FAC-00852,fac_852,fac.852@examforge.edu,Computer Science,Professor,9800000000,Ph.D.
FAC-00853,fac_853,fac.853@examforge.edu,Computer Science,Professor,9800000000,Ph.D.
FAC-00854,fac_854,fac.854@examforge.edu,Computer Science,Professor,9800000000,Ph.D.
FAC-00855,fac_855,fac.855@examforge.edu,Computer Science,Professor,9800000000,Ph.D.
FAC-00856,fac_856,fac.856@examforge.edu,Computer Science,Professor,9800000000,Ph.D.
FAC-00857,fac_857,fac.857@examforge.edu,Computer Science,Professor,9800000000,Ph.D.
FAC-00858,fac_858,fac.858@examforge.edu,Computer Science,Professor,9800000000,Ph.D.
FAC-00859,fac_859,fac.859@examforge.edu,Computer Science,Professor,9800000000,Ph.D.
FAC-00860,fac_860,fac.860@examforge.edu,Computer Science,Professor,9800000000,Ph.D.
FAC-00861,fac_861,fac.861@examforge.edu,Computer Science,Professor,9800000000,Ph.D.
FAC-00862,fac_862,fac.862@examforge.edu,Computer Science,Professor,9800000000,Ph.D.
FAC-00863,fac_863,fac.863@examforge.edu,Computer Science,Professor,9800000000,Ph.D.
FAC-00864,fac_864,fac.864@examforge.edu,Computer Science,Professor,9800000000,Ph.D.
FAC-00865,fac_865,fac.865@examforge.edu,Computer Science,Professor,9800000000,Ph.D.
FAC-00866,fac_866,fac.866@examforge.edu,Computer Science,Professor,9800000000,Ph.D.
FAC-00867,fac_867,fac.867@examforge.edu,Computer Science,Professor,9800000000,Ph.D.
FAC-00868,fac_868,fac.868@examforge.edu,Computer Science,Professor,9800000000,Ph.D.
FAC-00869,fac_869,fac.869@examforge.edu,Computer Science,Professor,9800000000,Ph.D.
FAC-00870,fac_870,fac.870@examforge.edu,Computer Science,Professor,9800000000,Ph.D.
FAC-00871,fac_871,fac.871@examforge.edu,Computer Science,Professor,9800000000,Ph.D.
FAC-00872,fac_872,fac.872@examforge.edu,Computer Science,Professor,9800000000,Ph.D.
FAC-00873,fac_873,fac.873@examforge.edu,Computer Science,Professor,9800000000,Ph.D.
FAC-00874,fac_874,fac.874@examforge.edu,Computer Science,Professor,9800000000,Ph.D.
FAC-00875,fac_875,fac.875@examforge.edu,Computer Science,Professor,9800000000,Ph.D.
FAC-00876,fac_876,fac.876@examforge.edu,Computer Science,Professor,9800000000,Ph.D.
FAC-00877,fac_877,fac.877@examforge.edu,Computer Science,Professor,9800000000,Ph.D.
FAC-00878,fac_878,fac.878@examforge.edu,Computer Science,Professor,9800000000,Ph.D.
FAC-00879,fac_879,fac.879@examforge.edu,Computer Science,Professor,9800000000,Ph.D.
FAC-00880,fac_880,fac.880@examforge.edu,Computer Science,Professor,9800000000,Ph.D.
FAC-00881,fac_881,fac.881@examforge.edu,Computer Science,Professor,9800000000,Ph.D.
FAC-00882,fac_882,fac.882@examforge.edu,Computer Science,Professor,9800000000,Ph.D.
FAC-00883,fac_883,fac.883@examforge.edu,Computer Science,Professor,9800000000,Ph.D.
FAC-00884,fac_884,fac.884@examforge.edu,Computer Science,Professor,9800000000,Ph.D.
FAC-00885,fac_885,fac.885@examforge.edu,Computer Science,Professor,9800000000,Ph.D.
FAC-00886,fac_886,fac.886@examforge.edu,Computer Science,Professor,9800000000,Ph.D.
FAC-00887,fac_887,fac.887@examforge.edu,Computer Science,Professor,9800000000,Ph.D.
FAC-00888,fac_888,fac.888@examforge.edu,Computer Science,Professor,9800000000,Ph.D.
FAC-00889,fac_889,fac.889@examforge.edu,Computer Science,Professor,9800000000,Ph.D.
FAC-00890,fac_890,fac.890@examforge.edu,Computer Science,Professor,9800000000,Ph.D.
FAC-00891,fac_891,fac.891@examforge.edu,Computer Science,Professor,9800000000,Ph.D.
FAC-00892,fac_892,fac.892@examforge.edu,Computer Science,Professor,9800000000,Ph.D.
FAC-00893,fac_893,fac.893@examforge.edu,Computer Science,Professor,9800000000,Ph.D.
FAC-00894,fac_894,fac.894@examforge.edu,Computer Science,Professor,9800000000,Ph.D.
FAC-00895,fac_895,fac.895@examforge.edu,Computer Science,Professor,9800000000,Ph.D.
FAC-00896,fac_896,fac.896@examforge.edu,Computer Science,Professor,9800000000,Ph.D.
FAC-00897,fac_897,fac.897@examforge.edu,Computer Science,Professor,9800000000,Ph.D.
FAC-00898,fac_898,fac.898@examforge.edu,Computer Science,Professor,9800000000,Ph.D.
FAC-00899,fac_899,fac.899@examforge.edu,Computer Science,Professor,9800000000,Ph.D.
FAC-00900,fac_900,fac.900@examforge.edu,Computer Science,Professor,9800000000,Ph.D.
FAC-00901,fac_901,fac.901@examforge.edu,Computer Science,Professor,9800000000,Ph.D.
FAC-00902,fac_902,fac.902@examforge.edu,Computer Science,Professor,9800000000,Ph.D.
FAC-00903,fac_903,fac.903@examforge.edu,Computer Science,Professor,9800000000,Ph.D.
FAC-00904,fac_904,fac.904@examforge.edu,Computer Science,Professor,9800000000,Ph.D.
FAC-00905,fac_905,fac.905@examforge.edu,Computer Science,Professor,9800000000,Ph.D.
FAC-00906,fac_906,fac.906@examforge.edu,Computer Science,Professor,9800000000,Ph.D.
FAC-00907,fac_907,fac.907@examforge.edu,Computer Science,Professor,9800000000,Ph.D.
FAC-00908,fac_908,fac.908@examforge.edu,Computer Science,Professor,9800000000,Ph.D.
FAC-00909,fac_909,fac.909@examforge.edu,Computer Science,Professor,9800000000,Ph.D.
FAC-00910,fac_910,fac.910@examforge.edu,Computer Science,Professor,9800000000,Ph.D.
FAC-00911,fac_911,fac.911@examforge.edu,Computer Science,Professor,9800000000,Ph.D.
FAC-00912,fac_912,fac.912@examforge.edu,Computer Science,Professor,9800000000,Ph.D.
FAC-00913,fac_913,fac.913@examforge.edu,Computer Science,Professor,9800000000,Ph.D.
FAC-00914,fac_914,fac.914@examforge.edu,Computer Science,Professor,9800000000,Ph.D.
FAC-00915,fac_915,fac.915@examforge.edu,Computer Science,Professor,9800000000,Ph.D.
FAC-00916,fac_916,fac.916@examforge.edu,Computer Science,Professor,9800000000,Ph.D.
FAC-00917,fac_917,fac.917@examforge.edu,Computer Science,Professor,9800000000,Ph.D.
FAC-00918,fac_918,fac.918@examforge.edu,Computer Science,Professor,9800000000,Ph.D.
FAC-00919,fac_919,fac.919@examforge.edu,Computer Science,Professor,9800000000,Ph.D.
FAC-00920,fac_920,fac.920@examforge.edu,Computer Science,Professor,9800000000,Ph.D.
FAC-00921,fac_921,fac.921@examforge.edu,Computer Science,Professor,9800000000,Ph.D.
FAC-00922,fac_922,fac.922@examforge.edu,Computer Science,Professor,9800000000,Ph.D.
FAC-00923,fac_923,fac.923@examforge.edu,Computer Science,Professor,9800000000,Ph.D.
FAC-00924,fac_924,fac.924@examforge.edu,Computer Science,Professor,9800000000,Ph.D.
FAC-00925,fac_925,fac.925@examforge.edu,Computer Science,Professor,9800000000,Ph.D.
FAC-00926,fac_926,fac.926@examforge.edu,Computer Science,Professor,9800000000,Ph.D.
FAC-00927,fac_927,fac.927@examforge.edu,Computer Science,Professor,9800000000,Ph.D.
FAC-00928,fac_928,fac.928@examforge.edu,Computer Science,Professor,9800000000,Ph.D.
FAC-00929,fac_929,fac.929@examforge.edu,Computer Science,Professor,9800000000,Ph.D.
FAC-00930,fac_930,fac.930@examforge.edu,Computer Science,Professor,9800000000,Ph.D.
FAC-00931,fac_931,fac.931@examforge.edu,Computer Science,Professor,9800000000,Ph.D.
FAC-00932,fac_932,fac.932@examforge.edu,Computer Science,Professor,9800000000,Ph.D.
FAC-00933,fac_933,fac.933@examforge.edu,Computer Science,Professor,9800000000,Ph.D.
FAC-00934,fac_934,fac.934@examforge.edu,Computer Science,Professor,9800000000,Ph.D.
FAC-00935,fac_935,fac.935@examforge.edu,Computer Science,Professor,9800000000,Ph.D.
FAC-00936,fac_936,fac.936@examforge.edu,Computer Science,Professor,9800000000,Ph.D.
FAC-00937,fac_937,fac.937@examforge.edu,Computer Science,Professor,9800000000,Ph.D.
FAC-00938,fac_938,fac.938@examforge.edu,Computer Science,Professor,9800000000,Ph.D.
FAC-00939,fac_939,fac.939@examforge.edu,Computer Science,Professor,9800000000,Ph.D.
FAC-00940,fac_940,fac.940@examforge.edu,Computer Science,Professor,9800000000,Ph.D.
FAC-00941,fac_941,fac.941@examforge.edu,Computer Science,Professor,9800000000,Ph.D.
FAC-00942,fac_942,fac.942@examforge.edu,Computer Science,Professor,9800000000,Ph.D.
FAC-00943,fac_943,fac.943@examforge.edu,Computer Science,Professor,9800000000,Ph.D.
FAC-00944,fac_944,fac.944@examforge.edu,Computer Science,Professor,9800000000,Ph.D.
FAC-00945,fac_945,fac.945@examforge.edu,Computer Science,Professor,9800000000,Ph.D.
FAC-00946,fac_946,fac.946@examforge.edu,Computer Science,Professor,9800000000,Ph.D.
FAC-00947,fac_947,fac.947@examforge.edu,Computer Science,Professor,9800000000,Ph.D.
FAC-00948,fac_948,fac.948@examforge.edu,Computer Science,Professor,9800000000,Ph.D.
FAC-00949,fac_949,fac.949@examforge.edu,Computer Science,Professor,9800000000,Ph.D.
FAC-00950,fac_950,fac.950@examforge.edu,Computer Science,Professor,9800000000,Ph.D.
FAC-00951,fac_951,fac.951@examforge.edu,Computer Science,Professor,9800000000,Ph.D.
FAC-00952,fac_952,fac.952@examforge.edu,Computer Science,Professor,9800000000,Ph.D.
FAC-00953,fac_953,fac.953@examforge.edu,Computer Science,Professor,9800000000,Ph.D.
FAC-00954,fac_954,fac.954@examforge.edu,Computer Science,Professor,9800000000,Ph.D.
FAC-00955,fac_955,fac.955@examforge.edu,Computer Science,Professor,9800000000,Ph.D.
FAC-00956,fac_956,fac.956@examforge.edu,Computer Science,Professor,9800000000,Ph.D.
FAC-00957,fac_957,fac.957@examforge.edu,Computer Science,Professor,9800000000,Ph.D.
FAC-00958,fac_958,fac.958@examforge.edu,Computer Science,Professor,9800000000,Ph.D.
FAC-00959,fac_959,fac.959@examforge.edu,Computer Science,Professor,9800000000,Ph.D.
FAC-00960,fac_960,fac.960@examforge.edu,Computer Science,Professor,9800000000,Ph.D.
FAC-00961,fac_961,fac.961@examforge.edu,Computer Science,Professor,9800000000,Ph.D.
FAC-00962,fac_962,fac.962@examforge.edu,Computer Science,Professor,9800000000,Ph.D.
FAC-00963,fac_963,fac.963@examforge.edu,Computer Science,Professor,9800000000,Ph.D.
FAC-00964,fac_964,fac.964@examforge.edu,Computer Science,Professor,9800000000,Ph.D.
FAC-00965,fac_965,fac.965@examforge.edu,Computer Science,Professor,9800000000,Ph.D.
FAC-00966,fac_966,fac.966@examforge.edu,Computer Science,Professor,9800000000,Ph.D.
FAC-00967,fac_967,fac.967@examforge.edu,Computer Science,Professor,9800000000,Ph.D.
FAC-00968,fac_968,fac.968@examforge.edu,Computer Science,Professor,9800000000,Ph.D.
FAC-00969,fac_969,fac.969@examforge.edu,Computer Science,Professor,9800000000,Ph.D.
FAC-00970,fac_970,fac.970@examforge.edu,Computer Science,Professor,9800000000,Ph.D.
FAC-00971,fac_971,fac.971@examforge.edu,Computer Science,Professor,9800000000,Ph.D.
FAC-00972,fac_972,fac.972@examforge.edu,Computer Science,Professor,9800000000,Ph.D.
FAC-00973,fac_973,fac.973@examforge.edu,Computer Science,Professor,9800000000,Ph.D.
FAC-00974,fac_974,fac.974@examforge.edu,Computer Science,Professor,9800000000,Ph.D.
FAC-00975,fac_975,fac.975@examforge.edu,Computer Science,Professor,9800000000,Ph.D.
FAC-00976,fac_976,fac.976@examforge.edu,Computer Science,Professor,9800000000,Ph.D.
FAC-00977,fac_977,fac.977@examforge.edu,Computer Science,Professor,9800000000,Ph.D.
FAC-00978,fac_978,fac.978@examforge.edu,Computer Science,Professor,9800000000,Ph.D.
FAC-00979,fac_979,fac.979@examforge.edu,Computer Science,Professor,9800000000,Ph.D.
FAC-00980,fac_980,fac.980@examforge.edu,Computer Science,Professor,9800000000,Ph.D.
FAC-00981,fac_981,fac.981@examforge.edu,Computer Science,Professor,9800000000,Ph.D.
FAC-00982,fac_982,fac.982@examforge.edu,Computer Science,Professor,9800000000,Ph.D.
FAC-00983,fac_983,fac.983@examforge.edu,Computer Science,Professor,9800000000,Ph.D.
FAC-00984,fac_984,fac.984@examforge.edu,Computer Science,Professor,9800000000,Ph.D.
FAC-00985,fac_985,fac.985@examforge.edu,Computer Science,Professor,9800000000,Ph.D.
FAC-00986,fac_986,fac.986@examforge.edu,Computer Science,Professor,9800000000,Ph.D.
FAC-00987,fac_987,fac.987@examforge.edu,Computer Science,Professor,9800000000,Ph.D.
FAC-00988,fac_988,fac.988@examforge.edu,Computer Science,Professor,9800000000,Ph.D.
FAC-00989,fac_989,fac.989@examforge.edu,Computer Science,Professor,9800000000,Ph.D.
FAC-00990,fac_990,fac.990@examforge.edu,Computer Science,Professor,9800000000,Ph.D.
FAC-00991,fac_991,fac.991@examforge.edu,Computer Science,Professor,9800000000,Ph.D.
FAC-00992,fac_992,fac.992@examforge.edu,Computer Science,Professor,9800000000,Ph.D.
FAC-00993,fac_993,fac.993@examforge.edu,Computer Science,Professor,9800000000,Ph.D.
FAC-00994,fac_994,fac.994@examforge.edu,Computer Science,Professor,9800000000,Ph.D.
FAC-00995,fac_995,fac.995@examforge.edu,Computer Science,Professor,9800000000,Ph.D.
FAC-00996,fac_996,fac.996@examforge.edu,Computer Science,Professor,9800000000,Ph.D.
FAC-00997,fac_997,fac.997@examforge.edu,Computer Science,Professor,9800000000,Ph.D.
FAC-00998,fac_998,fac.998@examforge.edu,Computer Science,Professor,9800000000,Ph.D.
FAC-00999,fac_999,fac.999@examforge.edu,Computer Science,Professor,9800000000,Ph.D.
FAC-01000,fac_1000,fac.1000@examforge.edu,Computer Science,Professor,9800000000,Ph.D.
FAC-01001,fac_1001,fac.1001@examforge.edu,Computer Science,Professor,9800000000,Ph.D.
FAC-01002,fac_1002,fac.1002@examforge.edu,Computer Science,Professor,9800000000,Ph.D.
FAC-01003,fac_1003,fac.1003@examforge.edu,Computer Science,Professor,9800000000,Ph.D.
FAC-01004,fac_1004,fac.1004@examforge.edu,Computer Science,Professor,9800000000,Ph.D.
FAC-01005,fac_1005,fac.1005@examforge.edu,Computer Science,Professor,9800000000,Ph.D.
FAC-01006,fac_1006,fac.1006@examforge.edu,Computer Science,Professor,9800000000,Ph.D.
FAC-01007,fac_1007,fac.1007@examforge.edu,Computer Science,Professor,9800000000,Ph.D.
FAC-01008,fac_1008,fac.1008@examforge.edu,Computer Science,Professor,9800000000,Ph.D.
FAC-01009,fac_1009,fac.1009@examforge.edu,Computer Science,Professor,9800000000,Ph.D.
FAC-01010,fac_1010,fac.1010@examforge.edu,Computer Science,Professor,9800000000,Ph.D.
FAC-01011,fac_1011,fac.1011@examforge.edu,Computer Science,Professor,9800000000,Ph.D.
FAC-01012,fac_1012,fac.1012@examforge.edu,Computer Science,Professor,9800000000,Ph.D.
FAC-01013,fac_1013,fac.1013@examforge.edu,Computer Science,Professor,9800000000,Ph.D.
FAC-01014,fac_1014,fac.1014@examforge.edu,Computer Science,Professor,9800000000,Ph.D.
FAC-01015,fac_1015,fac.1015@examforge.edu,Computer Science,Professor,9800000000,Ph.D.
FAC-01016,fac_1016,fac.1016@examforge.edu,Computer Science,Professor,9800000000,Ph.D.
FAC-01017,fac_1017,fac.1017@examforge.edu,Computer Science,Professor,9800000000,Ph.D.
FAC-01018,fac_1018,fac.1018@examforge.edu,Computer Science,Professor,9800000000,Ph.D.
FAC-01019,fac_1019,fac.1019@examforge.edu,Computer Science,Professor,9800000000,Ph.D.
FAC-01020,fac_1020,fac.1020@examforge.edu,Computer Science,Professor,9800000000,Ph.D.
FAC-01021,fac_1021,fac.1021@examforge.edu,Computer Science,Professor,9800000000,Ph.D.
FAC-01022,fac_1022,fac.1022@examforge.edu,Computer Science,Professor,9800000000,Ph.D.
FAC-01023,fac_1023,fac.1023@examforge.edu,Computer Science,Professor,9800000000,Ph.D.
FAC-01024,fac_1024,fac.1024@examforge.edu,Computer Science,Professor,9800000000,Ph.D.
FAC-01025,fac_1025,fac.1025@examforge.edu,Computer Science,Professor,9800000000,Ph.D.
FAC-01026,fac_1026,fac.1026@examforge.edu,Computer Science,Professor,9800000000,Ph.D.
FAC-01027,fac_1027,fac.1027@examforge.edu,Computer Science,Professor,9800000000,Ph.D.
FAC-01028,fac_1028,fac.1028@examforge.edu,Computer Science,Professor,9800000000,Ph.D.
FAC-01029,fac_1029,fac.1029@examforge.edu,Computer Science,Professor,9800000000,Ph.D.
FAC-01030,fac_1030,fac.1030@examforge.edu,Computer Science,Professor,9800000000,Ph.D.
FAC-01031,fac_1031,fac.1031@examforge.edu,Computer Science,Professor,9800000000,Ph.D.
FAC-01032,fac_1032,fac.1032@examforge.edu,Computer Science,Professor,9800000000,Ph.D.
FAC-01033,fac_1033,fac.1033@examforge.edu,Computer Science,Professor,9800000000,Ph.D.
FAC-01034,fac_1034,fac.1034@examforge.edu,Computer Science,Professor,9800000000,Ph.D.
FAC-01035,fac_1035,fac.1035@examforge.edu,Computer Science,Professor,9800000000,Ph.D.
FAC-01036,fac_1036,fac.1036@examforge.edu,Computer Science,Professor,9800000000,Ph.D.
FAC-01037,fac_1037,fac.1037@examforge.edu,Computer Science,Professor,9800000000,Ph.D.
FAC-01038,fac_1038,fac.1038@examforge.edu,Computer Science,Professor,9800000000,Ph.D.
FAC-01039,fac_1039,fac.1039@examforge.edu,Computer Science,Professor,9800000000,Ph.D.
FAC-01040,fac_1040,fac.1040@examforge.edu,Computer Science,Professor,9800000000,Ph.D.
FAC-01041,fac_1041,fac.1041@examforge.edu,Computer Science,Professor,9800000000,Ph.D.
FAC-01042,fac_1042,fac.1042@examforge.edu,Computer Science,Professor,9800000000,Ph.D.
FAC-01043,fac_1043,fac.1043@examforge.edu,Computer Science,Professor,9800000000,Ph.D.
FAC-01044,fac_1044,fac.1044@examforge.edu,Computer Science,Professor,9800000000,Ph.D.
FAC-01045,fac_1045,fac.1045@examforge.edu,Computer Science,Professor,9800000000,Ph.D.
FAC-01046,fac_1046,fac.1046@examforge.edu,Computer Science,Professor,9800000000,Ph.D.
FAC-01047,fac_1047,fac.1047@examforge.edu,Computer Science,Professor,9800000000,Ph.D.
FAC-01048,fac_1048,fac.1048@examforge.edu,Computer Science,Professor,9800000000,Ph.D.
FAC-01049,fac_1049,fac.1049@examforge.edu,Computer Science,Professor,9800000000,Ph.D.
FAC-01050,fac_1050,fac.1050@examforge.edu,Computer Science,Professor,9800000000,Ph.D.
FAC-01051,fac_1051,fac.1051@examforge.edu,Computer Science,Professor,9800000000,Ph.D.
FAC-01052,fac_1052,fac.1052@examforge.edu,Computer Science,Professor,9800000000,Ph.D.
FAC-01053,fac_1053,fac.1053@examforge.edu,Computer Science,Professor,9800000000,Ph.D.
FAC-01054,fac_1054,fac.1054@examforge.edu,Computer Science,Professor,9800000000,Ph.D.
FAC-01055,fac_1055,fac.1055@examforge.edu,Computer Science,Professor,9800000000,Ph.D.
FAC-01056,fac_1056,fac.1056@examforge.edu,Computer Science,Professor,9800000000,Ph.D.
FAC-01057,fac_1057,fac.1057@examforge.edu,Computer Science,Professor,9800000000,Ph.D.
FAC-01058,fac_1058,fac.1058@examforge.edu,Computer Science,Professor,9800000000,Ph.D.
FAC-01059,fac_1059,fac.1059@examforge.edu,Computer Science,Professor,9800000000,Ph.D.
FAC-01060,fac_1060,fac.1060@examforge.edu,Computer Science,Professor,9800000000,Ph.D.
FAC-01061,fac_1061,fac.1061@examforge.edu,Computer Science,Professor,9800000000,Ph.D.
FAC-01062,fac_1062,fac.1062@examforge.edu,Computer Science,Professor,9800000000,Ph.D.
FAC-01063,fac_1063,fac.1063@examforge.edu,Computer Science,Professor,9800000000,Ph.D.
FAC-01064,fac_1064,fac.1064@examforge.edu,Computer Science,Professor,9800000000,Ph.D.
FAC-01065,fac_1065,fac.1065@examforge.edu,Computer Science,Professor,9800000000,Ph.D.
FAC-01066,fac_1066,fac.1066@examforge.edu,Computer Science,Professor,9800000000,Ph.D.
FAC-01067,fac_1067,fac.1067@examforge.edu,Computer Science,Professor,9800000000,Ph.D.
FAC-01068,fac_1068,fac.1068@examforge.edu,Computer Science,Professor,9800000000,Ph.D.
FAC-01069,fac_1069,fac.1069@examforge.edu,Computer Science,Professor,9800000000,Ph.D.
FAC-01070,fac_1070,fac.1070@examforge.edu,Computer Science,Professor,9800000000,Ph.D.
FAC-01071,fac_1071,fac.1071@examforge.edu,Computer Science,Professor,9800000000,Ph.D.
FAC-01072,fac_1072,fac.1072@examforge.edu,Computer Science,Professor,9800000000,Ph.D.
FAC-01073,fac_1073,fac.1073@examforge.edu,Computer Science,Professor,9800000000,Ph.D.
FAC-01074,fac_1074,fac.1074@examforge.edu,Computer Science,Professor,9800000000,Ph.D.
FAC-01075,fac_1075,fac.1075@examforge.edu,Computer Science,Professor,9800000000,Ph.D.
FAC-01076,fac_1076,fac.1076@examforge.edu,Computer Science,Professor,9800000000,Ph.D.
FAC-01077,fac_1077,fac.1077@examforge.edu,Computer Science,Professor,9800000000,Ph.D.
FAC-01078,fac_1078,fac.1078@examforge.edu,Computer Science,Professor,9800000000,Ph.D.
FAC-01079,fac_1079,fac.1079@examforge.edu,Computer Science,Professor,9800000000,Ph.D.
FAC-01080,fac_1080,fac.1080@examforge.edu,Computer Science,Professor,9800000000,Ph.D.
FAC-01081,fac_1081,fac.1081@examforge.edu,Computer Science,Professor,9800000000,Ph.D.
FAC-01082,fac_1082,fac.1082@examforge.edu,Computer Science,Professor,9800000000,Ph.D.
FAC-01083,fac_1083,fac.1083@examforge.edu,Computer Science,Professor,9800000000,Ph.D.
FAC-01084,fac_1084,fac.1084@examforge.edu,Computer Science,Professor,9800000000,Ph.D.
FAC-01085,fac_1085,fac.1085@examforge.edu,Computer Science,Professor,9800000000,Ph.D.
FAC-01086,fac_1086,fac.1086@examforge.edu,Computer Science,Professor,9800000000,Ph.D.
FAC-01087,fac_1087,fac.1087@examforge.edu,Computer Science,Professor,9800000000,Ph.D.
FAC-01088,fac_1088,fac.1088@examforge.edu,Computer Science,Professor,9800000000,Ph.D.
FAC-01089,fac_1089,fac.1089@examforge.edu,Computer Science,Professor,9800000000,Ph.D.
FAC-01090,fac_1090,fac.1090@examforge.edu,Computer Science,Professor,9800000000,Ph.D.
FAC-01091,fac_1091,fac.1091@examforge.edu,Computer Science,Professor,9800000000,Ph.D.
FAC-01092,fac_1092,fac.1092@examforge.edu,Computer Science,Professor,9800000000,Ph.D.
FAC-01093,fac_1093,fac.1093@examforge.edu,Computer Science,Professor,9800000000,Ph.D.
FAC-01094,fac_1094,fac.1094@examforge.edu,Computer Science,Professor,9800000000,Ph.D.
FAC-01095,fac_1095,fac.1095@examforge.edu,Computer Science,Professor,9800000000,Ph.D.
FAC-01096,fac_1096,fac.1096@examforge.edu,Computer Science,Professor,9800000000,Ph.D.
FAC-01097,fac_1097,fac.1097@examforge.edu,Computer Science,Professor,9800000000,Ph.D.
FAC-01098,fac_1098,fac.1098@examforge.edu,Computer Science,Professor,9800000000,Ph.D.
FAC-01099,fac_1099,fac.1099@examforge.edu,Computer Science,Professor,9800000000,Ph.D.
FAC-01100,fac_1100,fac.1100@examforge.edu,Computer Science,Professor,9800000000,Ph.D.
FAC-01101,fac_1101,fac.1101@examforge.edu,Computer Science,Professor,9800000000,Ph.D.
FAC-01102,fac_1102,fac.1102@examforge.edu,Computer Science,Professor,9800000000,Ph.D.
FAC-01103,fac_1103,fac.1103@examforge.edu,Computer Science,Professor,9800000000,Ph.D.
FAC-01104,fac_1104,fac.1104@examforge.edu,Computer Science,Professor,9800000000,Ph.D.
FAC-01105,fac_1105,fac.1105@examforge.edu,Computer Science,Professor,9800000000,Ph.D.
FAC-01106,fac_1106,fac.1106@examforge.edu,Computer Science,Professor,9800000000,Ph.D.
FAC-01107,fac_1107,fac.1107@examforge.edu,Computer Science,Professor,9800000000,Ph.D.
FAC-01108,fac_1108,fac.1108@examforge.edu,Computer Science,Professor,9800000000,Ph.D.
FAC-01109,fac_1109,fac.1109@examforge.edu,Computer Science,Professor,9800000000,Ph.D.
FAC-01110,fac_1110,fac.1110@examforge.edu,Computer Science,Professor,9800000000,Ph.D.
FAC-01111,fac_1111,fac.1111@examforge.edu,Computer Science,Professor,9800000000,Ph.D.
FAC-01112,fac_1112,fac.1112@examforge.edu,Computer Science,Professor,9800000000,Ph.D.
FAC-01113,fac_1113,fac.1113@examforge.edu,Computer Science,Professor,9800000000,Ph.D.
FAC-01114,fac_1114,fac.1114@examforge.edu,Computer Science,Professor,9800000000,Ph.D.
FAC-01115,fac_1115,fac.1115@examforge.edu,Computer Science,Professor,9800000000,Ph.D.
FAC-01116,fac_1116,fac.1116@examforge.edu,Computer Science,Professor,9800000000,Ph.D.
FAC-01117,fac_1117,fac.1117@examforge.edu,Computer Science,Professor,9800000000,Ph.D.
FAC-01118,fac_1118,fac.1118@examforge.edu,Computer Science,Professor,9800000000,Ph.D.
FAC-01119,fac_1119,fac.1119@examforge.edu,Computer Science,Professor,9800000000,Ph.D.
FAC-01120,fac_1120,fac.1120@examforge.edu,Computer Science,Professor,9800000000,Ph.D.
FAC-01121,fac_1121,fac.1121@examforge.edu,Computer Science,Professor,9800000000,Ph.D.
FAC-01122,fac_1122,fac.1122@examforge.edu,Computer Science,Professor,9800000000,Ph.D.
FAC-01123,fac_1123,fac.1123@examforge.edu,Computer Science,Professor,9800000000,Ph.D.
FAC-01124,fac_1124,fac.1124@examforge.edu,Computer Science,Professor,9800000000,Ph.D.
FAC-01125,fac_1125,fac.1125@examforge.edu,Computer Science,Professor,9800000000,Ph.D.
FAC-01126,fac_1126,fac.1126@examforge.edu,Computer Science,Professor,9800000000,Ph.D.
FAC-01127,fac_1127,fac.1127@examforge.edu,Computer Science,Professor,9800000000,Ph.D.
FAC-01128,fac_1128,fac.1128@examforge.edu,Computer Science,Professor,9800000000,Ph.D.
FAC-01129,fac_1129,fac.1129@examforge.edu,Computer Science,Professor,9800000000,Ph.D.
FAC-01130,fac_1130,fac.1130@examforge.edu,Computer Science,Professor,9800000000,Ph.D.
FAC-01131,fac_1131,fac.1131@examforge.edu,Computer Science,Professor,9800000000,Ph.D.
FAC-01132,fac_1132,fac.1132@examforge.edu,Computer Science,Professor,9800000000,Ph.D.
FAC-01133,fac_1133,fac.1133@examforge.edu,Computer Science,Professor,9800000000,Ph.D.
FAC-01134,fac_1134,fac.1134@examforge.edu,Computer Science,Professor,9800000000,Ph.D.
FAC-01135,fac_1135,fac.1135@examforge.edu,Computer Science,Professor,9800000000,Ph.D.
FAC-01136,fac_1136,fac.1136@examforge.edu,Computer Science,Professor,9800000000,Ph.D.
FAC-01137,fac_1137,fac.1137@examforge.edu,Computer Science,Professor,9800000000,Ph.D.
FAC-01138,fac_1138,fac.1138@examforge.edu,Computer Science,Professor,9800000000,Ph.D.
FAC-01139,fac_1139,fac.1139@examforge.edu,Computer Science,Professor,9800000000,Ph.D.
FAC-01140,fac_1140,fac.1140@examforge.edu,Computer Science,Professor,9800000000,Ph.D.
FAC-01141,fac_1141,fac.1141@examforge.edu,Computer Science,Professor,9800000000,Ph.D.
FAC-01142,fac_1142,fac.1142@examforge.edu,Computer Science,Professor,9800000000,Ph.D.
FAC-01143,fac_1143,fac.1143@examforge.edu,Computer Science,Professor,9800000000,Ph.D.
FAC-01144,fac_1144,fac.1144@examforge.edu,Computer Science,Professor,9800000000,Ph.D.
FAC-01145,fac_1145,fac.1145@examforge.edu,Computer Science,Professor,9800000000,Ph.D.
FAC-01146,fac_1146,fac.1146@examforge.edu,Computer Science,Professor,9800000000,Ph.D.
FAC-01147,fac_1147,fac.1147@examforge.edu,Computer Science,Professor,9800000000,Ph.D.
FAC-01148,fac_1148,fac.1148@examforge.edu,Computer Science,Professor,9800000000,Ph.D.
FAC-01149,fac_1149,fac.1149@examforge.edu,Computer Science,Professor,9800000000,Ph.D.
FAC-01150,fac_1150,fac.1150@examforge.edu,Computer Science,Professor,9800000000,Ph.D.
FAC-01151,fac_1151,fac.1151@examforge.edu,Computer Science,Professor,9800000000,Ph.D.
FAC-01152,fac_1152,fac.1152@examforge.edu,Computer Science,Professor,9800000000,Ph.D.
FAC-01153,fac_1153,fac.1153@examforge.edu,Computer Science,Professor,9800000000,Ph.D.
FAC-01154,fac_1154,fac.1154@examforge.edu,Computer Science,Professor,9800000000,Ph.D.
FAC-01155,fac_1155,fac.1155@examforge.edu,Computer Science,Professor,9800000000,Ph.D.
FAC-01156,fac_1156,fac.1156@examforge.edu,Computer Science,Professor,9800000000,Ph.D.
FAC-01157,fac_1157,fac.1157@examforge.edu,Computer Science,Professor,9800000000,Ph.D.
FAC-01158,fac_1158,fac.1158@examforge.edu,Computer Science,Professor,9800000000,Ph.D.
FAC-01159,fac_1159,fac.1159@examforge.edu,Computer Science,Professor,9800000000,Ph.D.
FAC-01160,fac_1160,fac.1160@examforge.edu,Computer Science,Professor,9800000000,Ph.D.
FAC-01161,fac_1161,fac.1161@examforge.edu,Computer Science,Professor,9800000000,Ph.D.
FAC-01162,fac_1162,fac.1162@examforge.edu,Computer Science,Professor,9800000000,Ph.D.
FAC-01163,fac_1163,fac.1163@examforge.edu,Computer Science,Professor,9800000000,Ph.D.
FAC-01164,fac_1164,fac.1164@examforge.edu,Computer Science,Professor,9800000000,Ph.D.
FAC-01165,fac_1165,fac.1165@examforge.edu,Computer Science,Professor,9800000000,Ph.D.
FAC-01166,fac_1166,fac.1166@examforge.edu,Computer Science,Professor,9800000000,Ph.D.
FAC-01167,fac_1167,fac.1167@examforge.edu,Computer Science,Professor,9800000000,Ph.D.
FAC-01168,fac_1168,fac.1168@examforge.edu,Computer Science,Professor,9800000000,Ph.D.
FAC-01169,fac_1169,fac.1169@examforge.edu,Computer Science,Professor,9800000000,Ph.D.
FAC-01170,fac_1170,fac.1170@examforge.edu,Computer Science,Professor,9800000000,Ph.D.
FAC-01171,fac_1171,fac.1171@examforge.edu,Computer Science,Professor,9800000000,Ph.D.
FAC-01172,fac_1172,fac.1172@examforge.edu,Computer Science,Professor,9800000000,Ph.D.
FAC-01173,fac_1173,fac.1173@examforge.edu,Computer Science,Professor,9800000000,Ph.D.
FAC-01174,fac_1174,fac.1174@examforge.edu,Computer Science,Professor,9800000000,Ph.D.
FAC-01175,fac_1175,fac.1175@examforge.edu,Computer Science,Professor,9800000000,Ph.D.
FAC-01176,fac_1176,fac.1176@examforge.edu,Computer Science,Professor,9800000000,Ph.D.
FAC-01177,fac_1177,fac.1177@examforge.edu,Computer Science,Professor,9800000000,Ph.D.
FAC-01178,fac_1178,fac.1178@examforge.edu,Computer Science,Professor,9800000000,Ph.D.
FAC-01179,fac_1179,fac.1179@examforge.edu,Computer Science,Professor,9800000000,Ph.D.
FAC-01180,fac_1180,fac.1180@examforge.edu,Computer Science,Professor,9800000000,Ph.D.
FAC-01181,fac_1181,fac.1181@examforge.edu,Computer Science,Professor,9800000000,Ph.D.
FAC-01182,fac_1182,fac.1182@examforge.edu,Computer Science,Professor,9800000000,Ph.D.
FAC-01183,fac_1183,fac.1183@examforge.edu,Computer Science,Professor,9800000000,Ph.D.
FAC-01184,fac_1184,fac.1184@examforge.edu,Computer Science,Professor,9800000000,Ph.D.
FAC-01185,fac_1185,fac.1185@examforge.edu,Computer Science,Professor,9800000000,Ph.D.
FAC-01186,fac_1186,fac.1186@examforge.edu,Computer Science,Professor,9800000000,Ph.D.
FAC-01187,fac_1187,fac.1187@examforge.edu,Computer Science,Professor,9800000000,Ph.D.
FAC-01188,fac_1188,fac.1188@examforge.edu,Computer Science,Professor,9800000000,Ph.D.
FAC-01189,fac_1189,fac.1189@examforge.edu,Computer Science,Professor,9800000000,Ph.D.
FAC-01190,fac_1190,fac.1190@examforge.edu,Computer Science,Professor,9800000000,Ph.D.
FAC-01191,fac_1191,fac.1191@examforge.edu,Computer Science,Professor,9800000000,Ph.D.
FAC-01192,fac_1192,fac.1192@examforge.edu,Computer Science,Professor,9800000000,Ph.D.
FAC-01193,fac_1193,fac.1193@examforge.edu,Computer Science,Professor,9800000000,Ph.D.
FAC-01194,fac_1194,fac.1194@examforge.edu,Computer Science,Professor,9800000000,Ph.D.
FAC-01195,fac_1195,fac.1195@examforge.edu,Computer Science,Professor,9800000000,Ph.D.
FAC-01196,fac_1196,fac.1196@examforge.edu,Computer Science,Professor,9800000000,Ph.D.
FAC-01197,fac_1197,fac.1197@examforge.edu,Computer Science,Professor,9800000000,Ph.D.
FAC-01198,fac_1198,fac.1198@examforge.edu,Computer Science,Professor,9800000000,Ph.D.
FAC-01199,fac_1199,fac.1199@examforge.edu,Computer Science,Professor,9800000000,Ph.D.
FAC-01200,fac_1200,fac.1200@examforge.edu,Computer Science,Professor,9800000000,Ph.D.
FAC-01201,fac_1201,fac.1201@examforge.edu,Computer Science,Professor,9800000000,Ph.D.
FAC-01202,fac_1202,fac.1202@examforge.edu,Computer Science,Professor,9800000000,Ph.D.
FAC-01203,fac_1203,fac.1203@examforge.edu,Computer Science,Professor,9800000000,Ph.D.
FAC-01204,fac_1204,fac.1204@examforge.edu,Computer Science,Professor,9800000000,Ph.D.
FAC-01205,fac_1205,fac.1205@examforge.edu,Computer Science,Professor,9800000000,Ph.D.
FAC-01206,fac_1206,fac.1206@examforge.edu,Computer Science,Professor,9800000000,Ph.D.
FAC-01207,fac_1207,fac.1207@examforge.edu,Computer Science,Professor,9800000000,Ph.D.
FAC-01208,fac_1208,fac.1208@examforge.edu,Computer Science,Professor,9800000000,Ph.D.
FAC-01209,fac_1209,fac.1209@examforge.edu,Computer Science,Professor,9800000000,Ph.D.
FAC-01210,fac_1210,fac.1210@examforge.edu,Computer Science,Professor,9800000000,Ph.D.
FAC-01211,fac_1211,fac.1211@examforge.edu,Computer Science,Professor,9800000000,Ph.D.
FAC-01212,fac_1212,fac.1212@examforge.edu,Computer Science,Professor,9800000000,Ph.D.
FAC-01213,fac_1213,fac.1213@examforge.edu,Computer Science,Professor,9800000000,Ph.D.
FAC-01214,fac_1214,fac.1214@examforge.edu,Computer Science,Professor,9800000000,Ph.D.
FAC-01215,fac_1215,fac.1215@examforge.edu,Computer Science,Professor,9800000000,Ph.D.
FAC-01216,fac_1216,fac.1216@examforge.edu,Computer Science,Professor,9800000000,Ph.D.
FAC-01217,fac_1217,fac.1217@examforge.edu,Computer Science,Professor,9800000000,Ph.D.
FAC-01218,fac_1218,fac.1218@examforge.edu,Computer Science,Professor,9800000000,Ph.D.
FAC-01219,fac_1219,fac.1219@examforge.edu,Computer Science,Professor,9800000000,Ph.D.
FAC-01220,fac_1220,fac.1220@examforge.edu,Computer Science,Professor,9800000000,Ph.D.
FAC-01221,fac_1221,fac.1221@examforge.edu,Computer Science,Professor,9800000000,Ph.D.
FAC-01222,fac_1222,fac.1222@examforge.edu,Computer Science,Professor,9800000000,Ph.D.
FAC-01223,fac_1223,fac.1223@examforge.edu,Computer Science,Professor,9800000000,Ph.D.
FAC-01224,fac_1224,fac.1224@examforge.edu,Computer Science,Professor,9800000000,Ph.D.
FAC-01225,fac_1225,fac.1225@examforge.edu,Computer Science,Professor,9800000000,Ph.D.
FAC-01226,fac_1226,fac.1226@examforge.edu,Computer Science,Professor,9800000000,Ph.D.
FAC-01227,fac_1227,fac.1227@examforge.edu,Computer Science,Professor,9800000000,Ph.D.
FAC-01228,fac_1228,fac.1228@examforge.edu,Computer Science,Professor,9800000000,Ph.D.
FAC-01229,fac_1229,fac.1229@examforge.edu,Computer Science,Professor,9800000000,Ph.D.
FAC-01230,fac_1230,fac.1230@examforge.edu,Computer Science,Professor,9800000000,Ph.D.
FAC-01231,fac_1231,fac.1231@examforge.edu,Computer Science,Professor,9800000000,Ph.D.
FAC-01232,fac_1232,fac.1232@examforge.edu,Computer Science,Professor,9800000000,Ph.D.
FAC-01233,fac_1233,fac.1233@examforge.edu,Computer Science,Professor,9800000000,Ph.D.
FAC-01234,fac_1234,fac.1234@examforge.edu,Computer Science,Professor,9800000000,Ph.D.
FAC-01235,fac_1235,fac.1235@examforge.edu,Computer Science,Professor,9800000000,Ph.D.
FAC-01236,fac_1236,fac.1236@examforge.edu,Computer Science,Professor,9800000000,Ph.D.
FAC-01237,fac_1237,fac.1237@examforge.edu,Computer Science,Professor,9800000000,Ph.D.
FAC-01238,fac_1238,fac.1238@examforge.edu,Computer Science,Professor,9800000000,Ph.D.
FAC-01239,fac_1239,fac.1239@examforge.edu,Computer Science,Professor,9800000000,Ph.D.
FAC-01240,fac_1240,fac.1240@examforge.edu,Computer Science,Professor,9800000000,Ph.D.
FAC-01241,fac_1241,fac.1241@examforge.edu,Computer Science,Professor,9800000000,Ph.D.
FAC-01242,fac_1242,fac.1242@examforge.edu,Computer Science,Professor,9800000000,Ph.D.
FAC-01243,fac_1243,fac.1243@examforge.edu,Computer Science,Professor,9800000000,Ph.D.
FAC-01244,fac_1244,fac.1244@examforge.edu,Computer Science,Professor,9800000000,Ph.D.
FAC-01245,fac_1245,fac.1245@examforge.edu,Computer Science,Professor,9800000000,Ph.D.
FAC-01246,fac_1246,fac.1246@examforge.edu,Computer Science,Professor,9800000000,Ph.D.
FAC-01247,fac_1247,fac.1247@examforge.edu,Computer Science,Professor,9800000000,Ph.D.
FAC-01248,fac_1248,fac.1248@examforge.edu,Computer Science,Professor,9800000000,Ph.D.
FAC-01249,fac_1249,fac.1249@examforge.edu,Computer Science,Professor,9800000000,Ph.D.
FAC-01250,fac_1250,fac.1250@examforge.edu,Computer Science,Professor,9800000000,Ph.D.
FAC-01251,fac_1251,fac.1251@examforge.edu,Computer Science,Professor,9800000000,Ph.D.
FAC-01252,fac_1252,fac.1252@examforge.edu,Computer Science,Professor,9800000000,Ph.D.
FAC-01253,fac_1253,fac.1253@examforge.edu,Computer Science,Professor,9800000000,Ph.D.
FAC-01254,fac_1254,fac.1254@examforge.edu,Computer Science,Professor,9800000000,Ph.D.
FAC-01255,fac_1255,fac.1255@examforge.edu,Computer Science,Professor,9800000000,Ph.D.
FAC-01256,fac_1256,fac.1256@examforge.edu,Computer Science,Professor,9800000000,Ph.D.
FAC-01257,fac_1257,fac.1257@examforge.edu,Computer Science,Professor,9800000000,Ph.D.
FAC-01258,fac_1258,fac.1258@examforge.edu,Computer Science,Professor,9800000000,Ph.D.
FAC-01259,fac_1259,fac.1259@examforge.edu,Computer Science,Professor,9800000000,Ph.D.
FAC-01260,fac_1260,fac.1260@examforge.edu,Computer Science,Professor,9800000000,Ph.D.
FAC-01261,fac_1261,fac.1261@examforge.edu,Computer Science,Professor,9800000000,Ph.D.
FAC-01262,fac_1262,fac.1262@examforge.edu,Computer Science,Professor,9800000000,Ph.D.
FAC-01263,fac_1263,fac.1263@examforge.edu,Computer Science,Professor,9800000000,Ph.D.
FAC-01264,fac_1264,fac.1264@examforge.edu,Computer Science,Professor,9800000000,Ph.D.
FAC-01265,fac_1265,fac.1265@examforge.edu,Computer Science,Professor,9800000000,Ph.D.
FAC-01266,fac_1266,fac.1266@examforge.edu,Computer Science,Professor,9800000000,Ph.D.
FAC-01267,fac_1267,fac.1267@examforge.edu,Computer Science,Professor,9800000000,Ph.D.
FAC-01268,fac_1268,fac.1268@examforge.edu,Computer Science,Professor,9800000000,Ph.D.
FAC-01269,fac_1269,fac.1269@examforge.edu,Computer Science,Professor,9800000000,Ph.D.
FAC-01270,fac_1270,fac.1270@examforge.edu,Computer Science,Professor,9800000000,Ph.D.
FAC-01271,fac_1271,fac.1271@examforge.edu,Computer Science,Professor,9800000000,Ph.D.
FAC-01272,fac_1272,fac.1272@examforge.edu,Computer Science,Professor,9800000000,Ph.D.
FAC-01273,fac_1273,fac.1273@examforge.edu,Computer Science,Professor,9800000000,Ph.D.
FAC-01274,fac_1274,fac.1274@examforge.edu,Computer Science,Professor,9800000000,Ph.D.
FAC-01275,fac_1275,fac.1275@examforge.edu,Computer Science,Professor,9800000000,Ph.D.
FAC-01276,fac_1276,fac.1276@examforge.edu,Computer Science,Professor,9800000000,Ph.D.
FAC-01277,fac_1277,fac.1277@examforge.edu,Computer Science,Professor,9800000000,Ph.D.
FAC-01278,fac_1278,fac.1278@examforge.edu,Computer Science,Professor,9800000000,Ph.D.
FAC-01279,fac_1279,fac.1279@examforge.edu,Computer Science,Professor,9800000000,Ph.D.
FAC-01280,fac_1280,fac.1280@examforge.edu,Computer Science,Professor,9800000000,Ph.D.
FAC-01281,fac_1281,fac.1281@examforge.edu,Computer Science,Professor,9800000000,Ph.D.
FAC-01282,fac_1282,fac.1282@examforge.edu,Computer Science,Professor,9800000000,Ph.D.
FAC-01283,fac_1283,fac.1283@examforge.edu,Computer Science,Professor,9800000000,Ph.D.
FAC-01284,fac_1284,fac.1284@examforge.edu,Computer Science,Professor,9800000000,Ph.D.
FAC-01285,fac_1285,fac.1285@examforge.edu,Computer Science,Professor,9800000000,Ph.D.
FAC-01286,fac_1286,fac.1286@examforge.edu,Computer Science,Professor,9800000000,Ph.D.
FAC-01287,fac_1287,fac.1287@examforge.edu,Computer Science,Professor,9800000000,Ph.D.
FAC-01288,fac_1288,fac.1288@examforge.edu,Computer Science,Professor,9800000000,Ph.D.
FAC-01289,fac_1289,fac.1289@examforge.edu,Computer Science,Professor,9800000000,Ph.D.
FAC-01290,fac_1290,fac.1290@examforge.edu,Computer Science,Professor,9800000000,Ph.D.
FAC-01291,fac_1291,fac.1291@examforge.edu,Computer Science,Professor,9800000000,Ph.D.
FAC-01292,fac_1292,fac.1292@examforge.edu,Computer Science,Professor,9800000000,Ph.D.
FAC-01293,fac_1293,fac.1293@examforge.edu,Computer Science,Professor,9800000000,Ph.D.
FAC-01294,fac_1294,fac.1294@examforge.edu,Computer Science,Professor,9800000000,Ph.D.
FAC-01295,fac_1295,fac.1295@examforge.edu,Computer Science,Professor,9800000000,Ph.D.
FAC-01296,fac_1296,fac.1296@examforge.edu,Computer Science,Professor,9800000000,Ph.D.
FAC-01297,fac_1297,fac.1297@examforge.edu,Computer Science,Professor,9800000000,Ph.D.
FAC-01298,fac_1298,fac.1298@examforge.edu,Computer Science,Professor,9800000000,Ph.D.
FAC-01299,fac_1299,fac.1299@examforge.edu,Computer Science,Professor,9800000000,Ph.D.
FAC-01300,fac_1300,fac.1300@examforge.edu,Computer Science,Professor,9800000000,Ph.D.
FAC-01301,fac_1301,fac.1301@examforge.edu,Computer Science,Professor,9800000000,Ph.D.
FAC-01302,fac_1302,fac.1302@examforge.edu,Computer Science,Professor,9800000000,Ph.D.
FAC-01303,fac_1303,fac.1303@examforge.edu,Computer Science,Professor,9800000000,Ph.D.
FAC-01304,fac_1304,fac.1304@examforge.edu,Computer Science,Professor,9800000000,Ph.D.
FAC-01305,fac_1305,fac.1305@examforge.edu,Computer Science,Professor,9800000000,Ph.D.
FAC-01306,fac_1306,fac.1306@examforge.edu,Computer Science,Professor,9800000000,Ph.D.
FAC-01307,fac_1307,fac.1307@examforge.edu,Computer Science,Professor,9800000000,Ph.D.
FAC-01308,fac_1308,fac.1308@examforge.edu,Computer Science,Professor,9800000000,Ph.D.
FAC-01309,fac_1309,fac.1309@examforge.edu,Computer Science,Professor,9800000000,Ph.D.
FAC-01310,fac_1310,fac.1310@examforge.edu,Computer Science,Professor,9800000000,Ph.D.
FAC-01311,fac_1311,fac.1311@examforge.edu,Computer Science,Professor,9800000000,Ph.D.
FAC-01312,fac_1312,fac.1312@examforge.edu,Computer Science,Professor,9800000000,Ph.D.
FAC-01313,fac_1313,fac.1313@examforge.edu,Computer Science,Professor,9800000000,Ph.D.
FAC-01314,fac_1314,fac.1314@examforge.edu,Computer Science,Professor,9800000000,Ph.D.
FAC-01315,fac_1315,fac.1315@examforge.edu,Computer Science,Professor,9800000000,Ph.D.
FAC-01316,fac_1316,fac.1316@examforge.edu,Computer Science,Professor,9800000000,Ph.D.
FAC-01317,fac_1317,fac.1317@examforge.edu,Computer Science,Professor,9800000000,Ph.D.
FAC-01318,fac_1318,fac.1318@examforge.edu,Computer Science,Professor,9800000000,Ph.D.
FAC-01319,fac_1319,fac.1319@examforge.edu,Computer Science,Professor,9800000000,Ph.D.
FAC-01320,fac_1320,fac.1320@examforge.edu,Computer Science,Professor,9800000000,Ph.D.
FAC-01321,fac_1321,fac.1321@examforge.edu,Computer Science,Professor,9800000000,Ph.D.
FAC-01322,fac_1322,fac.1322@examforge.edu,Computer Science,Professor,9800000000,Ph.D.
FAC-01323,fac_1323,fac.1323@examforge.edu,Computer Science,Professor,9800000000,Ph.D.
FAC-01324,fac_1324,fac.1324@examforge.edu,Computer Science,Professor,9800000000,Ph.D.
FAC-01325,fac_1325,fac.1325@examforge.edu,Computer Science,Professor,9800000000,Ph.D.
FAC-01326,fac_1326,fac.1326@examforge.edu,Computer Science,Professor,9800000000,Ph.D.
FAC-01327,fac_1327,fac.1327@examforge.edu,Computer Science,Professor,9800000000,Ph.D.
FAC-01328,fac_1328,fac.1328@examforge.edu,Computer Science,Professor,9800000000,Ph.D.
FAC-01329,fac_1329,fac.1329@examforge.edu,Computer Science,Professor,9800000000,Ph.D.
FAC-01330,fac_1330,fac.1330@examforge.edu,Computer Science,Professor,9800000000,Ph.D.
FAC-01331,fac_1331,fac.1331@examforge.edu,Computer Science,Professor,9800000000,Ph.D.
FAC-01332,fac_1332,fac.1332@examforge.edu,Computer Science,Professor,9800000000,Ph.D.
FAC-01333,fac_1333,fac.1333@examforge.edu,Computer Science,Professor,9800000000,Ph.D.
FAC-01334,fac_1334,fac.1334@examforge.edu,Computer Science,Professor,9800000000,Ph.D.
FAC-01335,fac_1335,fac.1335@examforge.edu,Computer Science,Professor,9800000000,Ph.D.
FAC-01336,fac_1336,fac.1336@examforge.edu,Computer Science,Professor,9800000000,Ph.D.
FAC-01337,fac_1337,fac.1337@examforge.edu,Computer Science,Professor,9800000000,Ph.D.
FAC-01338,fac_1338,fac.1338@examforge.edu,Computer Science,Professor,9800000000,Ph.D.
FAC-01339,fac_1339,fac.1339@examforge.edu,Computer Science,Professor,9800000000,Ph.D.
FAC-01340,fac_1340,fac.1340@examforge.edu,Computer Science,Professor,9800000000,Ph.D.
FAC-01341,fac_1341,fac.1341@examforge.edu,Computer Science,Professor,9800000000,Ph.D.
FAC-01342,fac_1342,fac.1342@examforge.edu,Computer Science,Professor,9800000000,Ph.D.
FAC-01343,fac_1343,fac.1343@examforge.edu,Computer Science,Professor,9800000000,Ph.D.
FAC-01344,fac_1344,fac.1344@examforge.edu,Computer Science,Professor,9800000000,Ph.D.
FAC-01345,fac_1345,fac.1345@examforge.edu,Computer Science,Professor,9800000000,Ph.D.
FAC-01346,fac_1346,fac.1346@examforge.edu,Computer Science,Professor,9800000000,Ph.D.
FAC-01347,fac_1347,fac.1347@examforge.edu,Computer Science,Professor,9800000000,Ph.D.
FAC-01348,fac_1348,fac.1348@examforge.edu,Computer Science,Professor,9800000000,Ph.D.
FAC-01349,fac_1349,fac.1349@examforge.edu,Computer Science,Professor,9800000000,Ph.D.
FAC-01350,fac_1350,fac.1350@examforge.edu,Computer Science,Professor,9800000000,Ph.D.
FAC-01351,fac_1351,fac.1351@examforge.edu,Computer Science,Professor,9800000000,Ph.D.
FAC-01352,fac_1352,fac.1352@examforge.edu,Computer Science,Professor,9800000000,Ph.D.
FAC-01353,fac_1353,fac.1353@examforge.edu,Computer Science,Professor,9800000000,Ph.D.
FAC-01354,fac_1354,fac.1354@examforge.edu,Computer Science,Professor,9800000000,Ph.D.
FAC-01355,fac_1355,fac.1355@examforge.edu,Computer Science,Professor,9800000000,Ph.D.
FAC-01356,fac_1356,fac.1356@examforge.edu,Computer Science,Professor,9800000000,Ph.D.
FAC-01357,fac_1357,fac.1357@examforge.edu,Computer Science,Professor,9800000000,Ph.D.
FAC-01358,fac_1358,fac.1358@examforge.edu,Computer Science,Professor,9800000000,Ph.D.
FAC-01359,fac_1359,fac.1359@examforge.edu,Computer Science,Professor,9800000000,Ph.D.
FAC-01360,fac_1360,fac.1360@examforge.edu,Computer Science,Professor,9800000000,Ph.D.
FAC-01361,fac_1361,fac.1361@examforge.edu,Computer Science,Professor,9800000000,Ph.D.
FAC-01362,fac_1362,fac.1362@examforge.edu,Computer Science,Professor,9800000000,Ph.D.
FAC-01363,fac_1363,fac.1363@examforge.edu,Computer Science,Professor,9800000000,Ph.D.
FAC-01364,fac_1364,fac.1364@examforge.edu,Computer Science,Professor,9800000000,Ph.D.
FAC-01365,fac_1365,fac.1365@examforge.edu,Computer Science,Professor,9800000000,Ph.D.
FAC-01366,fac_1366,fac.1366@examforge.edu,Computer Science,Professor,9800000000,Ph.D.
FAC-01367,fac_1367,fac.1367@examforge.edu,Computer Science,Professor,9800000000,Ph.D.
FAC-01368,fac_1368,fac.1368@examforge.edu,Computer Science,Professor,9800000000,Ph.D.
FAC-01369,fac_1369,fac.1369@examforge.edu,Computer Science,Professor,9800000000,Ph.D.
FAC-01370,fac_1370,fac.1370@examforge.edu,Computer Science,Professor,9800000000,Ph.D.
FAC-01371,fac_1371,fac.1371@examforge.edu,Computer Science,Professor,9800000000,Ph.D.
FAC-01372,fac_1372,fac.1372@examforge.edu,Computer Science,Professor,9800000000,Ph.D.
FAC-01373,fac_1373,fac.1373@examforge.edu,Computer Science,Professor,9800000000,Ph.D.
FAC-01374,fac_1374,fac.1374@examforge.edu,Computer Science,Professor,9800000000,Ph.D.
FAC-01375,fac_1375,fac.1375@examforge.edu,Computer Science,Professor,9800000000,Ph.D.
FAC-01376,fac_1376,fac.1376@examforge.edu,Computer Science,Professor,9800000000,Ph.D.
FAC-01377,fac_1377,fac.1377@examforge.edu,Computer Science,Professor,9800000000,Ph.D.
FAC-01378,fac_1378,fac.1378@examforge.edu,Computer Science,Professor,9800000000,Ph.D.
FAC-01379,fac_1379,fac.1379@examforge.edu,Computer Science,Professor,9800000000,Ph.D.
FAC-01380,fac_1380,fac.1380@examforge.edu,Computer Science,Professor,9800000000,Ph.D.
FAC-01381,fac_1381,fac.1381@examforge.edu,Computer Science,Professor,9800000000,Ph.D.
FAC-01382,fac_1382,fac.1382@examforge.edu,Computer Science,Professor,9800000000,Ph.D.
FAC-01383,fac_1383,fac.1383@examforge.edu,Computer Science,Professor,9800000000,Ph.D.
FAC-01384,fac_1384,fac.1384@examforge.edu,Computer Science,Professor,9800000000,Ph.D.
FAC-01385,fac_1385,fac.1385@examforge.edu,Computer Science,Professor,9800000000,Ph.D.
FAC-01386,fac_1386,fac.1386@examforge.edu,Computer Science,Professor,9800000000,Ph.D.
FAC-01387,fac_1387,fac.1387@examforge.edu,Computer Science,Professor,9800000000,Ph.D.
FAC-01388,fac_1388,fac.1388@examforge.edu,Computer Science,Professor,9800000000,Ph.D.
FAC-01389,fac_1389,fac.1389@examforge.edu,Computer Science,Professor,9800000000,Ph.D.
FAC-01390,fac_1390,fac.1390@examforge.edu,Computer Science,Professor,9800000000,Ph.D.
FAC-01391,fac_1391,fac.1391@examforge.edu,Computer Science,Professor,9800000000,Ph.D.
FAC-01392,fac_1392,fac.1392@examforge.edu,Computer Science,Professor,9800000000,Ph.D.
FAC-01393,fac_1393,fac.1393@examforge.edu,Computer Science,Professor,9800000000,Ph.D.
FAC-01394,fac_1394,fac.1394@examforge.edu,Computer Science,Professor,9800000000,Ph.D.
FAC-01395,fac_1395,fac.1395@examforge.edu,Computer Science,Professor,9800000000,Ph.D.
FAC-01396,fac_1396,fac.1396@examforge.edu,Computer Science,Professor,9800000000,Ph.D.
FAC-01397,fac_1397,fac.1397@examforge.edu,Computer Science,Professor,9800000000,Ph.D.
FAC-01398,fac_1398,fac.1398@examforge.edu,Computer Science,Professor,9800000000,Ph.D.
FAC-01399,fac_1399,fac.1399@examforge.edu,Computer Science,Professor,9800000000,Ph.D.
FAC-01400,fac_1400,fac.1400@examforge.edu,Computer Science,Professor,9800000000,Ph.D.
FAC-01401,fac_1401,fac.1401@examforge.edu,Computer Science,Professor,9800000000,Ph.D.
FAC-01402,fac_1402,fac.1402@examforge.edu,Computer Science,Professor,9800000000,Ph.D.
FAC-01403,fac_1403,fac.1403@examforge.edu,Computer Science,Professor,9800000000,Ph.D.
FAC-01404,fac_1404,fac.1404@examforge.edu,Computer Science,Professor,9800000000,Ph.D.
FAC-01405,fac_1405,fac.1405@examforge.edu,Computer Science,Professor,9800000000,Ph.D.
FAC-01406,fac_1406,fac.1406@examforge.edu,Computer Science,Professor,9800000000,Ph.D.
FAC-01407,fac_1407,fac.1407@examforge.edu,Computer Science,Professor,9800000000,Ph.D.
FAC-01408,fac_1408,fac.1408@examforge.edu,Computer Science,Professor,9800000000,Ph.D.
FAC-01409,fac_1409,fac.1409@examforge.edu,Computer Science,Professor,9800000000,Ph.D.
FAC-01410,fac_1410,fac.1410@examforge.edu,Computer Science,Professor,9800000000,Ph.D.
FAC-01411,fac_1411,fac.1411@examforge.edu,Computer Science,Professor,9800000000,Ph.D.
FAC-01412,fac_1412,fac.1412@examforge.edu,Computer Science,Professor,9800000000,Ph.D.
FAC-01413,fac_1413,fac.1413@examforge.edu,Computer Science,Professor,9800000000,Ph.D.
FAC-01414,fac_1414,fac.1414@examforge.edu,Computer Science,Professor,9800000000,Ph.D.
FAC-01415,fac_1415,fac.1415@examforge.edu,Computer Science,Professor,9800000000,Ph.D.
FAC-01416,fac_1416,fac.1416@examforge.edu,Computer Science,Professor,9800000000,Ph.D.
FAC-01417,fac_1417,fac.1417@examforge.edu,Computer Science,Professor,9800000000,Ph.D.
FAC-01418,fac_1418,fac.1418@examforge.edu,Computer Science,Professor,9800000000,Ph.D.
FAC-01419,fac_1419,fac.1419@examforge.edu,Computer Science,Professor,9800000000,Ph.D.
FAC-01420,fac_1420,fac.1420@examforge.edu,Computer Science,Professor,9800000000,Ph.D.
FAC-01421,fac_1421,fac.1421@examforge.edu,Computer Science,Professor,9800000000,Ph.D.
FAC-01422,fac_1422,fac.1422@examforge.edu,Computer Science,Professor,9800000000,Ph.D.
FAC-01423,fac_1423,fac.1423@examforge.edu,Computer Science,Professor,9800000000,Ph.D.
FAC-01424,fac_1424,fac.1424@examforge.edu,Computer Science,Professor,9800000000,Ph.D.
FAC-01425,fac_1425,fac.1425@examforge.edu,Computer Science,Professor,9800000000,Ph.D.
FAC-01426,fac_1426,fac.1426@examforge.edu,Computer Science,Professor,9800000000,Ph.D.
FAC-01427,fac_1427,fac.1427@examforge.edu,Computer Science,Professor,9800000000,Ph.D.
FAC-01428,fac_1428,fac.1428@examforge.edu,Computer Science,Professor,9800000000,Ph.D.
FAC-01429,fac_1429,fac.1429@examforge.edu,Computer Science,Professor,9800000000,Ph.D.
FAC-01430,fac_1430,fac.1430@examforge.edu,Computer Science,Professor,9800000000,Ph.D.
FAC-01431,fac_1431,fac.1431@examforge.edu,Computer Science,Professor,9800000000,Ph.D.
FAC-01432,fac_1432,fac.1432@examforge.edu,Computer Science,Professor,9800000000,Ph.D.
FAC-01433,fac_1433,fac.1433@examforge.edu,Computer Science,Professor,9800000000,Ph.D.
FAC-01434,fac_1434,fac.1434@examforge.edu,Computer Science,Professor,9800000000,Ph.D.
FAC-01435,fac_1435,fac.1435@examforge.edu,Computer Science,Professor,9800000000,Ph.D.
FAC-01436,fac_1436,fac.1436@examforge.edu,Computer Science,Professor,9800000000,Ph.D.
FAC-01437,fac_1437,fac.1437@examforge.edu,Computer Science,Professor,9800000000,Ph.D.
FAC-01438,fac_1438,fac.1438@examforge.edu,Computer Science,Professor,9800000000,Ph.D.
FAC-01439,fac_1439,fac.1439@examforge.edu,Computer Science,Professor,9800000000,Ph.D.
FAC-01440,fac_1440,fac.1440@examforge.edu,Computer Science,Professor,9800000000,Ph.D.
FAC-01441,fac_1441,fac.1441@examforge.edu,Computer Science,Professor,9800000000,Ph.D.
FAC-01442,fac_1442,fac.1442@examforge.edu,Computer Science,Professor,9800000000,Ph.D.
FAC-01443,fac_1443,fac.1443@examforge.edu,Computer Science,Professor,9800000000,Ph.D.
FAC-01444,fac_1444,fac.1444@examforge.edu,Computer Science,Professor,9800000000,Ph.D.
FAC-01445,fac_1445,fac.1445@examforge.edu,Computer Science,Professor,9800000000,Ph.D.
FAC-01446,fac_1446,fac.1446@examforge.edu,Computer Science,Professor,9800000000,Ph.D.
FAC-01447,fac_1447,fac.1447@examforge.edu,Computer Science,Professor,9800000000,Ph.D.
FAC-01448,fac_1448,fac.1448@examforge.edu,Computer Science,Professor,9800000000,Ph.D.
FAC-01449,fac_1449,fac.1449@examforge.edu,Computer Science,Professor,9800000000,Ph.D.
FAC-01450,fac_1450,fac.1450@examforge.edu,Computer Science,Professor,9800000000,Ph.D.
FAC-01451,fac_1451,fac.1451@examforge.edu,Computer Science,Professor,9800000000,Ph.D.
FAC-01452,fac_1452,fac.1452@examforge.edu,Computer Science,Professor,9800000000,Ph.D.
FAC-01453,fac_1453,fac.1453@examforge.edu,Computer Science,Professor,9800000000,Ph.D.
FAC-01454,fac_1454,fac.1454@examforge.edu,Computer Science,Professor,9800000000,Ph.D.
FAC-01455,fac_1455,fac.1455@examforge.edu,Computer Science,Professor,9800000000,Ph.D.
FAC-01456,fac_1456,fac.1456@examforge.edu,Computer Science,Professor,9800000000,Ph.D.
FAC-01457,fac_1457,fac.1457@examforge.edu,Computer Science,Professor,9800000000,Ph.D.
FAC-01458,fac_1458,fac.1458@examforge.edu,Computer Science,Professor,9800000000,Ph.D.
FAC-01459,fac_1459,fac.1459@examforge.edu,Computer Science,Professor,9800000000,Ph.D.
FAC-01460,fac_1460,fac.1460@examforge.edu,Computer Science,Professor,9800000000,Ph.D.
FAC-01461,fac_1461,fac.1461@examforge.edu,Computer Science,Professor,9800000000,Ph.D.
FAC-01462,fac_1462,fac.1462@examforge.edu,Computer Science,Professor,9800000000,Ph.D.
FAC-01463,fac_1463,fac.1463@examforge.edu,Computer Science,Professor,9800000000,Ph.D.
FAC-01464,fac_1464,fac.1464@examforge.edu,Computer Science,Professor,9800000000,Ph.D.
FAC-01465,fac_1465,fac.1465@examforge.edu,Computer Science,Professor,9800000000,Ph.D.
FAC-01466,fac_1466,fac.1466@examforge.edu,Computer Science,Professor,9800000000,Ph.D.
FAC-01467,fac_1467,fac.1467@examforge.edu,Computer Science,Professor,9800000000,Ph.D.
FAC-01468,fac_1468,fac.1468@examforge.edu,Computer Science,Professor,9800000000,Ph.D.
FAC-01469,fac_1469,fac.1469@examforge.edu,Computer Science,Professor,9800000000,Ph.D.
FAC-01470,fac_1470,fac.1470@examforge.edu,Computer Science,Professor,9800000000,Ph.D.
FAC-01471,fac_1471,fac.1471@examforge.edu,Computer Science,Professor,9800000000,Ph.D.
FAC-01472,fac_1472,fac.1472@examforge.edu,Computer Science,Professor,9800000000,Ph.D.
FAC-01473,fac_1473,fac.1473@examforge.edu,Computer Science,Professor,9800000000,Ph.D.
FAC-01474,fac_1474,fac.1474@examforge.edu,Computer Science,Professor,9800000000,Ph.D.
FAC-01475,fac_1475,fac.1475@examforge.edu,Computer Science,Professor,9800000000,Ph.D.
FAC-01476,fac_1476,fac.1476@examforge.edu,Computer Science,Professor,9800000000,Ph.D.
FAC-01477,fac_1477,fac.1477@examforge.edu,Computer Science,Professor,9800000000,Ph.D.
FAC-01478,fac_1478,fac.1478@examforge.edu,Computer Science,Professor,9800000000,Ph.D.
FAC-01479,fac_1479,fac.1479@examforge.edu,Computer Science,Professor,9800000000,Ph.D.
FAC-01480,fac_1480,fac.1480@examforge.edu,Computer Science,Professor,9800000000,Ph.D.
FAC-01481,fac_1481,fac.1481@examforge.edu,Computer Science,Professor,9800000000,Ph.D.
FAC-01482,fac_1482,fac.1482@examforge.edu,Computer Science,Professor,9800000000,Ph.D.
FAC-01483,fac_1483,fac.1483@examforge.edu,Computer Science,Professor,9800000000,Ph.D.
FAC-01484,fac_1484,fac.1484@examforge.edu,Computer Science,Professor,9800000000,Ph.D.
FAC-01485,fac_1485,fac.1485@examforge.edu,Computer Science,Professor,9800000000,Ph.D.
FAC-01486,fac_1486,fac.1486@examforge.edu,Computer Science,Professor,9800000000,Ph.D.
FAC-01487,fac_1487,fac.1487@examforge.edu,Computer Science,Professor,9800000000,Ph.D.
FAC-01488,fac_1488,fac.1488@examforge.edu,Computer Science,Professor,9800000000,Ph.D.
FAC-01489,fac_1489,fac.1489@examforge.edu,Computer Science,Professor,9800000000,Ph.D.
FAC-01490,fac_1490,fac.1490@examforge.edu,Computer Science,Professor,9800000000,Ph.D.
FAC-01491,fac_1491,fac.1491@examforge.edu,Computer Science,Professor,9800000000,Ph.D.
FAC-01492,fac_1492,fac.1492@examforge.edu,Computer Science,Professor,9800000000,Ph.D.
FAC-01493,fac_1493,fac.1493@examforge.edu,Computer Science,Professor,9800000000,Ph.D.
FAC-01494,fac_1494,fac.1494@examforge.edu,Computer Science,Professor,9800000000,Ph.D.
FAC-01495,fac_1495,fac.1495@examforge.edu,Computer Science,Professor,9800000000,Ph.D.
FAC-01496,fac_1496,fac.1496@examforge.edu,Computer Science,Professor,9800000000,Ph.D.
FAC-01497,fac_1497,fac.1497@examforge.edu,Computer Science,Professor,9800000000,Ph.D.
FAC-01498,fac_1498,fac.1498@examforge.edu,Computer Science,Professor,9800000000,Ph.D.
FAC-01499,fac_1499,fac.1499@examforge.edu,Computer Science,Professor,9800000000,Ph.D.
FAC-01500,fac_1500,fac.1500@examforge.edu,Computer Science,Professor,9800000000,Ph.D.
FAC-01501,fac_1501,fac.1501@examforge.edu,Computer Science,Professor,9800000000,Ph.D.
FAC-01502,fac_1502,fac.1502@examforge.edu,Computer Science,Professor,9800000000,Ph.D.
FAC-01503,fac_1503,fac.1503@examforge.edu,Computer Science,Professor,9800000000,Ph.D.
FAC-01504,fac_1504,fac.1504@examforge.edu,Computer Science,Professor,9800000000,Ph.D.
FAC-01505,fac_1505,fac.1505@examforge.edu,Computer Science,Professor,9800000000,Ph.D.
FAC-01506,fac_1506,fac.1506@examforge.edu,Computer Science,Professor,9800000000,Ph.D.
FAC-01507,fac_1507,fac.1507@examforge.edu,Computer Science,Professor,9800000000,Ph.D.
FAC-01508,fac_1508,fac.1508@examforge.edu,Computer Science,Professor,9800000000,Ph.D.
FAC-01509,fac_1509,fac.1509@examforge.edu,Computer Science,Professor,9800000000,Ph.D.
FAC-01510,fac_1510,fac.1510@examforge.edu,Computer Science,Professor,9800000000,Ph.D.
FAC-01511,fac_1511,fac.1511@examforge.edu,Computer Science,Professor,9800000000,Ph.D.
FAC-01512,fac_1512,fac.1512@examforge.edu,Computer Science,Professor,9800000000,Ph.D.
FAC-01513,fac_1513,fac.1513@examforge.edu,Computer Science,Professor,9800000000,Ph.D.
FAC-01514,fac_1514,fac.1514@examforge.edu,Computer Science,Professor,9800000000,Ph.D.
FAC-01515,fac_1515,fac.1515@examforge.edu,Computer Science,Professor,9800000000,Ph.D.
FAC-01516,fac_1516,fac.1516@examforge.edu,Computer Science,Professor,9800000000,Ph.D.
FAC-01517,fac_1517,fac.1517@examforge.edu,Computer Science,Professor,9800000000,Ph.D.
FAC-01518,fac_1518,fac.1518@examforge.edu,Computer Science,Professor,9800000000,Ph.D.
FAC-01519,fac_1519,fac.1519@examforge.edu,Computer Science,Professor,9800000000,Ph.D.
FAC-01520,fac_1520,fac.1520@examforge.edu,Computer Science,Professor,9800000000,Ph.D.
FAC-01521,fac_1521,fac.1521@examforge.edu,Computer Science,Professor,9800000000,Ph.D.
FAC-01522,fac_1522,fac.1522@examforge.edu,Computer Science,Professor,9800000000,Ph.D.
FAC-01523,fac_1523,fac.1523@examforge.edu,Computer Science,Professor,9800000000,Ph.D.
FAC-01524,fac_1524,fac.1524@examforge.edu,Computer Science,Professor,9800000000,Ph.D.
FAC-01525,fac_1525,fac.1525@examforge.edu,Computer Science,Professor,9800000000,Ph.D.
FAC-01526,fac_1526,fac.1526@examforge.edu,Computer Science,Professor,9800000000,Ph.D.
FAC-01527,fac_1527,fac.1527@examforge.edu,Computer Science,Professor,9800000000,Ph.D.
FAC-01528,fac_1528,fac.1528@examforge.edu,Computer Science,Professor,9800000000,Ph.D.
FAC-01529,fac_1529,fac.1529@examforge.edu,Computer Science,Professor,9800000000,Ph.D.
FAC-01530,fac_1530,fac.1530@examforge.edu,Computer Science,Professor,9800000000,Ph.D.
FAC-01531,fac_1531,fac.1531@examforge.edu,Computer Science,Professor,9800000000,Ph.D.
FAC-01532,fac_1532,fac.1532@examforge.edu,Computer Science,Professor,9800000000,Ph.D.
FAC-01533,fac_1533,fac.1533@examforge.edu,Computer Science,Professor,9800000000,Ph.D.
FAC-01534,fac_1534,fac.1534@examforge.edu,Computer Science,Professor,9800000000,Ph.D.
FAC-01535,fac_1535,fac.1535@examforge.edu,Computer Science,Professor,9800000000,Ph.D.
FAC-01536,fac_1536,fac.1536@examforge.edu,Computer Science,Professor,9800000000,Ph.D.
FAC-01537,fac_1537,fac.1537@examforge.edu,Computer Science,Professor,9800000000,Ph.D.
FAC-01538,fac_1538,fac.1538@examforge.edu,Computer Science,Professor,9800000000,Ph.D.
FAC-01539,fac_1539,fac.1539@examforge.edu,Computer Science,Professor,9800000000,Ph.D.
FAC-01540,fac_1540,fac.1540@examforge.edu,Computer Science,Professor,9800000000,Ph.D.
FAC-01541,fac_1541,fac.1541@examforge.edu,Computer Science,Professor,9800000000,Ph.D.
FAC-01542,fac_1542,fac.1542@examforge.edu,Computer Science,Professor,9800000000,Ph.D.
FAC-01543,fac_1543,fac.1543@examforge.edu,Computer Science,Professor,9800000000,Ph.D.
FAC-01544,fac_1544,fac.1544@examforge.edu,Computer Science,Professor,9800000000,Ph.D.
FAC-01545,fac_1545,fac.1545@examforge.edu,Computer Science,Professor,9800000000,Ph.D.
FAC-01546,fac_1546,fac.1546@examforge.edu,Computer Science,Professor,9800000000,Ph.D.
FAC-01547,fac_1547,fac.1547@examforge.edu,Computer Science,Professor,9800000000,Ph.D.
FAC-01548,fac_1548,fac.1548@examforge.edu,Computer Science,Professor,9800000000,Ph.D.
FAC-01549,fac_1549,fac.1549@examforge.edu,Computer Science,Professor,9800000000,Ph.D.
FAC-01550,fac_1550,fac.1550@examforge.edu,Computer Science,Professor,9800000000,Ph.D.
FAC-01551,fac_1551,fac.1551@examforge.edu,Computer Science,Professor,9800000000,Ph.D.
FAC-01552,fac_1552,fac.1552@examforge.edu,Computer Science,Professor,9800000000,Ph.D.
FAC-01553,fac_1553,fac.1553@examforge.edu,Computer Science,Professor,9800000000,Ph.D.
FAC-01554,fac_1554,fac.1554@examforge.edu,Computer Science,Professor,9800000000,Ph.D.
FAC-01555,fac_1555,fac.1555@examforge.edu,Computer Science,Professor,9800000000,Ph.D.
FAC-01556,fac_1556,fac.1556@examforge.edu,Computer Science,Professor,9800000000,Ph.D.
FAC-01557,fac_1557,fac.1557@examforge.edu,Computer Science,Professor,9800000000,Ph.D.
FAC-01558,fac_1558,fac.1558@examforge.edu,Computer Science,Professor,9800000000,Ph.D.
FAC-01559,fac_1559,fac.1559@examforge.edu,Computer Science,Professor,9800000000,Ph.D.
FAC-01560,fac_1560,fac.1560@examforge.edu,Computer Science,Professor,9800000000,Ph.D.
FAC-01561,fac_1561,fac.1561@examforge.edu,Computer Science,Professor,9800000000,Ph.D.
FAC-01562,fac_1562,fac.1562@examforge.edu,Computer Science,Professor,9800000000,Ph.D.
FAC-01563,fac_1563,fac.1563@examforge.edu,Computer Science,Professor,9800000000,Ph.D.
FAC-01564,fac_1564,fac.1564@examforge.edu,Computer Science,Professor,9800000000,Ph.D.
FAC-01565,fac_1565,fac.1565@examforge.edu,Computer Science,Professor,9800000000,Ph.D.
FAC-01566,fac_1566,fac.1566@examforge.edu,Computer Science,Professor,9800000000,Ph.D.
FAC-01567,fac_1567,fac.1567@examforge.edu,Computer Science,Professor,9800000000,Ph.D.
FAC-01568,fac_1568,fac.1568@examforge.edu,Computer Science,Professor,9800000000,Ph.D.
FAC-01569,fac_1569,fac.1569@examforge.edu,Computer Science,Professor,9800000000,Ph.D.
FAC-01570,fac_1570,fac.1570@examforge.edu,Computer Science,Professor,9800000000,Ph.D.
FAC-01571,fac_1571,fac.1571@examforge.edu,Computer Science,Professor,9800000000,Ph.D.
FAC-01572,fac_1572,fac.1572@examforge.edu,Computer Science,Professor,9800000000,Ph.D.
FAC-01573,fac_1573,fac.1573@examforge.edu,Computer Science,Professor,9800000000,Ph.D.
FAC-01574,fac_1574,fac.1574@examforge.edu,Computer Science,Professor,9800000000,Ph.D.
FAC-01575,fac_1575,fac.1575@examforge.edu,Computer Science,Professor,9800000000,Ph.D.
FAC-01576,fac_1576,fac.1576@examforge.edu,Computer Science,Professor,9800000000,Ph.D.
FAC-01577,fac_1577,fac.1577@examforge.edu,Computer Science,Professor,9800000000,Ph.D.
FAC-01578,fac_1578,fac.1578@examforge.edu,Computer Science,Professor,9800000000,Ph.D.
FAC-01579,fac_1579,fac.1579@examforge.edu,Computer Science,Professor,9800000000,Ph.D.
FAC-01580,fac_1580,fac.1580@examforge.edu,Computer Science,Professor,9800000000,Ph.D.
FAC-01581,fac_1581,fac.1581@examforge.edu,Computer Science,Professor,9800000000,Ph.D.
FAC-01582,fac_1582,fac.1582@examforge.edu,Computer Science,Professor,9800000000,Ph.D.
FAC-01583,fac_1583,fac.1583@examforge.edu,Computer Science,Professor,9800000000,Ph.D.
FAC-01584,fac_1584,fac.1584@examforge.edu,Computer Science,Professor,9800000000,Ph.D.
FAC-01585,fac_1585,fac.1585@examforge.edu,Computer Science,Professor,9800000000,Ph.D.
FAC-01586,fac_1586,fac.1586@examforge.edu,Computer Science,Professor,9800000000,Ph.D.
FAC-01587,fac_1587,fac.1587@examforge.edu,Computer Science,Professor,9800000000,Ph.D.
FAC-01588,fac_1588,fac.1588@examforge.edu,Computer Science,Professor,9800000000,Ph.D.
FAC-01589,fac_1589,fac.1589@examforge.edu,Computer Science,Professor,9800000000,Ph.D.
FAC-01590,fac_1590,fac.1590@examforge.edu,Computer Science,Professor,9800000000,Ph.D.
FAC-01591,fac_1591,fac.1591@examforge.edu,Computer Science,Professor,9800000000,Ph.D.
FAC-01592,fac_1592,fac.1592@examforge.edu,Computer Science,Professor,9800000000,Ph.D.
FAC-01593,fac_1593,fac.1593@examforge.edu,Computer Science,Professor,9800000000,Ph.D.
FAC-01594,fac_1594,fac.1594@examforge.edu,Computer Science,Professor,9800000000,Ph.D.
FAC-01595,fac_1595,fac.1595@examforge.edu,Computer Science,Professor,9800000000,Ph.D.
FAC-01596,fac_1596,fac.1596@examforge.edu,Computer Science,Professor,9800000000,Ph.D.
FAC-01597,fac_1597,fac.1597@examforge.edu,Computer Science,Professor,9800000000,Ph.D.
FAC-01598,fac_1598,fac.1598@examforge.edu,Computer Science,Professor,9800000000,Ph.D.
FAC-01599,fac_1599,fac.1599@examforge.edu,Computer Science,Professor,9800000000,Ph.D.
FAC-01600,fac_1600,fac.1600@examforge.edu,Computer Science,Professor,9800000000,Ph.D.
FAC-01601,fac_1601,fac.1601@examforge.edu,Computer Science,Professor,9800000000,Ph.D.
FAC-01602,fac_1602,fac.1602@examforge.edu,Computer Science,Professor,9800000000,Ph.D.
FAC-01603,fac_1603,fac.1603@examforge.edu,Computer Science,Professor,9800000000,Ph.D.
FAC-01604,fac_1604,fac.1604@examforge.edu,Computer Science,Professor,9800000000,Ph.D.
FAC-01605,fac_1605,fac.1605@examforge.edu,Computer Science,Professor,9800000000,Ph.D.
FAC-01606,fac_1606,fac.1606@examforge.edu,Computer Science,Professor,9800000000,Ph.D.
FAC-01607,fac_1607,fac.1607@examforge.edu,Computer Science,Professor,9800000000,Ph.D.
FAC-01608,fac_1608,fac.1608@examforge.edu,Computer Science,Professor,9800000000,Ph.D.
FAC-01609,fac_1609,fac.1609@examforge.edu,Computer Science,Professor,9800000000,Ph.D.
FAC-01610,fac_1610,fac.1610@examforge.edu,Computer Science,Professor,9800000000,Ph.D.
FAC-01611,fac_1611,fac.1611@examforge.edu,Computer Science,Professor,9800000000,Ph.D.
FAC-01612,fac_1612,fac.1612@examforge.edu,Computer Science,Professor,9800000000,Ph.D.
FAC-01613,fac_1613,fac.1613@examforge.edu,Computer Science,Professor,9800000000,Ph.D.
FAC-01614,fac_1614,fac.1614@examforge.edu,Computer Science,Professor,9800000000,Ph.D.
FAC-01615,fac_1615,fac.1615@examforge.edu,Computer Science,Professor,9800000000,Ph.D.
FAC-01616,fac_1616,fac.1616@examforge.edu,Computer Science,Professor,9800000000,Ph.D.
FAC-01617,fac_1617,fac.1617@examforge.edu,Computer Science,Professor,9800000000,Ph.D.
FAC-01618,fac_1618,fac.1618@examforge.edu,Computer Science,Professor,9800000000,Ph.D.
FAC-01619,fac_1619,fac.1619@examforge.edu,Computer Science,Professor,9800000000,Ph.D.
FAC-01620,fac_1620,fac.1620@examforge.edu,Computer Science,Professor,9800000000,Ph.D.
FAC-01621,fac_1621,fac.1621@examforge.edu,Computer Science,Professor,9800000000,Ph.D.
FAC-01622,fac_1622,fac.1622@examforge.edu,Computer Science,Professor,9800000000,Ph.D.
FAC-01623,fac_1623,fac.1623@examforge.edu,Computer Science,Professor,9800000000,Ph.D.
FAC-01624,fac_1624,fac.1624@examforge.edu,Computer Science,Professor,9800000000,Ph.D.
FAC-01625,fac_1625,fac.1625@examforge.edu,Computer Science,Professor,9800000000,Ph.D.
FAC-01626,fac_1626,fac.1626@examforge.edu,Computer Science,Professor,9800000000,Ph.D.
FAC-01627,fac_1627,fac.1627@examforge.edu,Computer Science,Professor,9800000000,Ph.D.
FAC-01628,fac_1628,fac.1628@examforge.edu,Computer Science,Professor,9800000000,Ph.D.
FAC-01629,fac_1629,fac.1629@examforge.edu,Computer Science,Professor,9800000000,Ph.D.
FAC-01630,fac_1630,fac.1630@examforge.edu,Computer Science,Professor,9800000000,Ph.D.
FAC-01631,fac_1631,fac.1631@examforge.edu,Computer Science,Professor,9800000000,Ph.D.
FAC-01632,fac_1632,fac.1632@examforge.edu,Computer Science,Professor,9800000000,Ph.D.
FAC-01633,fac_1633,fac.1633@examforge.edu,Computer Science,Professor,9800000000,Ph.D.
FAC-01634,fac_1634,fac.1634@examforge.edu,Computer Science,Professor,9800000000,Ph.D.
FAC-01635,fac_1635,fac.1635@examforge.edu,Computer Science,Professor,9800000000,Ph.D.
FAC-01636,fac_1636,fac.1636@examforge.edu,Computer Science,Professor,9800000000,Ph.D.
FAC-01637,fac_1637,fac.1637@examforge.edu,Computer Science,Professor,9800000000,Ph.D.
FAC-01638,fac_1638,fac.1638@examforge.edu,Computer Science,Professor,9800000000,Ph.D.
FAC-01639,fac_1639,fac.1639@examforge.edu,Computer Science,Professor,9800000000,Ph.D.
FAC-01640,fac_1640,fac.1640@examforge.edu,Computer Science,Professor,9800000000,Ph.D.
FAC-01641,fac_1641,fac.1641@examforge.edu,Computer Science,Professor,9800000000,Ph.D.
FAC-01642,fac_1642,fac.1642@examforge.edu,Computer Science,Professor,9800000000,Ph.D.
FAC-01643,fac_1643,fac.1643@examforge.edu,Computer Science,Professor,9800000000,Ph.D.
FAC-01644,fac_1644,fac.1644@examforge.edu,Computer Science,Professor,9800000000,Ph.D.
FAC-01645,fac_1645,fac.1645@examforge.edu,Computer Science,Professor,9800000000,Ph.D.
FAC-01646,fac_1646,fac.1646@examforge.edu,Computer Science,Professor,9800000000,Ph.D.
FAC-01647,fac_1647,fac.1647@examforge.edu,Computer Science,Professor,9800000000,Ph.D.
FAC-01648,fac_1648,fac.1648@examforge.edu,Computer Science,Professor,9800000000,Ph.D.
FAC-01649,fac_1649,fac.1649@examforge.edu,Computer Science,Professor,9800000000,Ph.D.
FAC-01650,fac_1650,fac.1650@examforge.edu,Computer Science,Professor,9800000000,Ph.D.
FAC-01651,fac_1651,fac.1651@examforge.edu,Computer Science,Professor,9800000000,Ph.D.
FAC-01652,fac_1652,fac.1652@examforge.edu,Computer Science,Professor,9800000000,Ph.D.
FAC-01653,fac_1653,fac.1653@examforge.edu,Computer Science,Professor,9800000000,Ph.D.
FAC-01654,fac_1654,fac.1654@examforge.edu,Computer Science,Professor,9800000000,Ph.D.
FAC-01655,fac_1655,fac.1655@examforge.edu,Computer Science,Professor,9800000000,Ph.D.
FAC-01656,fac_1656,fac.1656@examforge.edu,Computer Science,Professor,9800000000,Ph.D.
FAC-01657,fac_1657,fac.1657@examforge.edu,Computer Science,Professor,9800000000,Ph.D.
FAC-01658,fac_1658,fac.1658@examforge.edu,Computer Science,Professor,9800000000,Ph.D.
FAC-01659,fac_1659,fac.1659@examforge.edu,Computer Science,Professor,9800000000,Ph.D.
FAC-01660,fac_1660,fac.1660@examforge.edu,Computer Science,Professor,9800000000,Ph.D.
FAC-01661,fac_1661,fac.1661@examforge.edu,Computer Science,Professor,9800000000,Ph.D.
FAC-01662,fac_1662,fac.1662@examforge.edu,Computer Science,Professor,9800000000,Ph.D.
FAC-01663,fac_1663,fac.1663@examforge.edu,Computer Science,Professor,9800000000,Ph.D.
FAC-01664,fac_1664,fac.1664@examforge.edu,Computer Science,Professor,9800000000,Ph.D.
FAC-01665,fac_1665,fac.1665@examforge.edu,Computer Science,Professor,9800000000,Ph.D.
FAC-01666,fac_1666,fac.1666@examforge.edu,Computer Science,Professor,9800000000,Ph.D.
FAC-01667,fac_1667,fac.1667@examforge.edu,Computer Science,Professor,9800000000,Ph.D.
FAC-01668,fac_1668,fac.1668@examforge.edu,Computer Science,Professor,9800000000,Ph.D.
FAC-01669,fac_1669,fac.1669@examforge.edu,Computer Science,Professor,9800000000,Ph.D.
FAC-01670,fac_1670,fac.1670@examforge.edu,Computer Science,Professor,9800000000,Ph.D.
FAC-01671,fac_1671,fac.1671@examforge.edu,Computer Science,Professor,9800000000,Ph.D.
FAC-01672,fac_1672,fac.1672@examforge.edu,Computer Science,Professor,9800000000,Ph.D.
FAC-01673,fac_1673,fac.1673@examforge.edu,Computer Science,Professor,9800000000,Ph.D.
FAC-01674,fac_1674,fac.1674@examforge.edu,Computer Science,Professor,9800000000,Ph.D.
FAC-01675,fac_1675,fac.1675@examforge.edu,Computer Science,Professor,9800000000,Ph.D.
FAC-01676,fac_1676,fac.1676@examforge.edu,Computer Science,Professor,9800000000,Ph.D.
FAC-01677,fac_1677,fac.1677@examforge.edu,Computer Science,Professor,9800000000,Ph.D.
FAC-01678,fac_1678,fac.1678@examforge.edu,Computer Science,Professor,9800000000,Ph.D.
FAC-01679,fac_1679,fac.1679@examforge.edu,Computer Science,Professor,9800000000,Ph.D.
FAC-01680,fac_1680,fac.1680@examforge.edu,Computer Science,Professor,9800000000,Ph.D.
FAC-01681,fac_1681,fac.1681@examforge.edu,Computer Science,Professor,9800000000,Ph.D.
FAC-01682,fac_1682,fac.1682@examforge.edu,Computer Science,Professor,9800000000,Ph.D.
FAC-01683,fac_1683,fac.1683@examforge.edu,Computer Science,Professor,9800000000,Ph.D.
FAC-01684,fac_1684,fac.1684@examforge.edu,Computer Science,Professor,9800000000,Ph.D.
FAC-01685,fac_1685,fac.1685@examforge.edu,Computer Science,Professor,9800000000,Ph.D.
FAC-01686,fac_1686,fac.1686@examforge.edu,Computer Science,Professor,9800000000,Ph.D.
FAC-01687,fac_1687,fac.1687@examforge.edu,Computer Science,Professor,9800000000,Ph.D.
FAC-01688,fac_1688,fac.1688@examforge.edu,Computer Science,Professor,9800000000,Ph.D.
FAC-01689,fac_1689,fac.1689@examforge.edu,Computer Science,Professor,9800000000,Ph.D.
FAC-01690,fac_1690,fac.1690@examforge.edu,Computer Science,Professor,9800000000,Ph.D.
FAC-01691,fac_1691,fac.1691@examforge.edu,Computer Science,Professor,9800000000,Ph.D.
FAC-01692,fac_1692,fac.1692@examforge.edu,Computer Science,Professor,9800000000,Ph.D.
FAC-01693,fac_1693,fac.1693@examforge.edu,Computer Science,Professor,9800000000,Ph.D.
FAC-01694,fac_1694,fac.1694@examforge.edu,Computer Science,Professor,9800000000,Ph.D.
FAC-01695,fac_1695,fac.1695@examforge.edu,Computer Science,Professor,9800000000,Ph.D.
FAC-01696,fac_1696,fac.1696@examforge.edu,Computer Science,Professor,9800000000,Ph.D.
FAC-01697,fac_1697,fac.1697@examforge.edu,Computer Science,Professor,9800000000,Ph.D.
FAC-01698,fac_1698,fac.1698@examforge.edu,Computer Science,Professor,9800000000,Ph.D.
FAC-01699,fac_1699,fac.1699@examforge.edu,Computer Science,Professor,9800000000,Ph.D.
FAC-01700,fac_1700,fac.1700@examforge.edu,Computer Science,Professor,9800000000,Ph.D.
FAC-01701,fac_1701,fac.1701@examforge.edu,Computer Science,Professor,9800000000,Ph.D.
FAC-01702,fac_1702,fac.1702@examforge.edu,Computer Science,Professor,9800000000,Ph.D.
FAC-01703,fac_1703,fac.1703@examforge.edu,Computer Science,Professor,9800000000,Ph.D.
FAC-01704,fac_1704,fac.1704@examforge.edu,Computer Science,Professor,9800000000,Ph.D.
FAC-01705,fac_1705,fac.1705@examforge.edu,Computer Science,Professor,9800000000,Ph.D.
FAC-01706,fac_1706,fac.1706@examforge.edu,Computer Science,Professor,9800000000,Ph.D.
FAC-01707,fac_1707,fac.1707@examforge.edu,Computer Science,Professor,9800000000,Ph.D.
FAC-01708,fac_1708,fac.1708@examforge.edu,Computer Science,Professor,9800000000,Ph.D.
FAC-01709,fac_1709,fac.1709@examforge.edu,Computer Science,Professor,9800000000,Ph.D.
FAC-01710,fac_1710,fac.1710@examforge.edu,Computer Science,Professor,9800000000,Ph.D.
FAC-01711,fac_1711,fac.1711@examforge.edu,Computer Science,Professor,9800000000,Ph.D.
FAC-01712,fac_1712,fac.1712@examforge.edu,Computer Science,Professor,9800000000,Ph.D.
FAC-01713,fac_1713,fac.1713@examforge.edu,Computer Science,Professor,9800000000,Ph.D.
FAC-01714,fac_1714,fac.1714@examforge.edu,Computer Science,Professor,9800000000,Ph.D.
FAC-01715,fac_1715,fac.1715@examforge.edu,Computer Science,Professor,9800000000,Ph.D.
FAC-01716,fac_1716,fac.1716@examforge.edu,Computer Science,Professor,9800000000,Ph.D.
FAC-01717,fac_1717,fac.1717@examforge.edu,Computer Science,Professor,9800000000,Ph.D.
FAC-01718,fac_1718,fac.1718@examforge.edu,Computer Science,Professor,9800000000,Ph.D.
FAC-01719,fac_1719,fac.1719@examforge.edu,Computer Science,Professor,9800000000,Ph.D.
FAC-01720,fac_1720,fac.1720@examforge.edu,Computer Science,Professor,9800000000,Ph.D.
FAC-01721,fac_1721,fac.1721@examforge.edu,Computer Science,Professor,9800000000,Ph.D.
FAC-01722,fac_1722,fac.1722@examforge.edu,Computer Science,Professor,9800000000,Ph.D.
FAC-01723,fac_1723,fac.1723@examforge.edu,Computer Science,Professor,9800000000,Ph.D.
FAC-01724,fac_1724,fac.1724@examforge.edu,Computer Science,Professor,9800000000,Ph.D.
FAC-01725,fac_1725,fac.1725@examforge.edu,Computer Science,Professor,9800000000,Ph.D.
FAC-01726,fac_1726,fac.1726@examforge.edu,Computer Science,Professor,9800000000,Ph.D.
FAC-01727,fac_1727,fac.1727@examforge.edu,Computer Science,Professor,9800000000,Ph.D.
FAC-01728,fac_1728,fac.1728@examforge.edu,Computer Science,Professor,9800000000,Ph.D.
FAC-01729,fac_1729,fac.1729@examforge.edu,Computer Science,Professor,9800000000,Ph.D.
FAC-01730,fac_1730,fac.1730@examforge.edu,Computer Science,Professor,9800000000,Ph.D.
FAC-01731,fac_1731,fac.1731@examforge.edu,Computer Science,Professor,9800000000,Ph.D.
FAC-01732,fac_1732,fac.1732@examforge.edu,Computer Science,Professor,9800000000,Ph.D.
FAC-01733,fac_1733,fac.1733@examforge.edu,Computer Science,Professor,9800000000,Ph.D.
FAC-01734,fac_1734,fac.1734@examforge.edu,Computer Science,Professor,9800000000,Ph.D.
FAC-01735,fac_1735,fac.1735@examforge.edu,Computer Science,Professor,9800000000,Ph.D.
FAC-01736,fac_1736,fac.1736@examforge.edu,Computer Science,Professor,9800000000,Ph.D.
FAC-01737,fac_1737,fac.1737@examforge.edu,Computer Science,Professor,9800000000,Ph.D.
FAC-01738,fac_1738,fac.1738@examforge.edu,Computer Science,Professor,9800000000,Ph.D.
FAC-01739,fac_1739,fac.1739@examforge.edu,Computer Science,Professor,9800000000,Ph.D.
FAC-01740,fac_1740,fac.1740@examforge.edu,Computer Science,Professor,9800000000,Ph.D.
FAC-01741,fac_1741,fac.1741@examforge.edu,Computer Science,Professor,9800000000,Ph.D.
FAC-01742,fac_1742,fac.1742@examforge.edu,Computer Science,Professor,9800000000,Ph.D.
FAC-01743,fac_1743,fac.1743@examforge.edu,Computer Science,Professor,9800000000,Ph.D.
FAC-01744,fac_1744,fac.1744@examforge.edu,Computer Science,Professor,9800000000,Ph.D.
FAC-01745,fac_1745,fac.1745@examforge.edu,Computer Science,Professor,9800000000,Ph.D.
FAC-01746,fac_1746,fac.1746@examforge.edu,Computer Science,Professor,9800000000,Ph.D.
FAC-01747,fac_1747,fac.1747@examforge.edu,Computer Science,Professor,9800000000,Ph.D.
FAC-01748,fac_1748,fac.1748@examforge.edu,Computer Science,Professor,9800000000,Ph.D.
FAC-01749,fac_1749,fac.1749@examforge.edu,Computer Science,Professor,9800000000,Ph.D.
FAC-01750,fac_1750,fac.1750@examforge.edu,Computer Science,Professor,9800000000,Ph.D.
FAC-01751,fac_1751,fac.1751@examforge.edu,Computer Science,Professor,9800000000,Ph.D.
FAC-01752,fac_1752,fac.1752@examforge.edu,Computer Science,Professor,9800000000,Ph.D.
FAC-01753,fac_1753,fac.1753@examforge.edu,Computer Science,Professor,9800000000,Ph.D.
FAC-01754,fac_1754,fac.1754@examforge.edu,Computer Science,Professor,9800000000,Ph.D.
FAC-01755,fac_1755,fac.1755@examforge.edu,Computer Science,Professor,9800000000,Ph.D.
FAC-01756,fac_1756,fac.1756@examforge.edu,Computer Science,Professor,9800000000,Ph.D.
FAC-01757,fac_1757,fac.1757@examforge.edu,Computer Science,Professor,9800000000,Ph.D.
FAC-01758,fac_1758,fac.1758@examforge.edu,Computer Science,Professor,9800000000,Ph.D.
FAC-01759,fac_1759,fac.1759@examforge.edu,Computer Science,Professor,9800000000,Ph.D.
FAC-01760,fac_1760,fac.1760@examforge.edu,Computer Science,Professor,9800000000,Ph.D.
FAC-01761,fac_1761,fac.1761@examforge.edu,Computer Science,Professor,9800000000,Ph.D.
FAC-01762,fac_1762,fac.1762@examforge.edu,Computer Science,Professor,9800000000,Ph.D.
FAC-01763,fac_1763,fac.1763@examforge.edu,Computer Science,Professor,9800000000,Ph.D.
FAC-01764,fac_1764,fac.1764@examforge.edu,Computer Science,Professor,9800000000,Ph.D.
FAC-01765,fac_1765,fac.1765@examforge.edu,Computer Science,Professor,9800000000,Ph.D.
FAC-01766,fac_1766,fac.1766@examforge.edu,Computer Science,Professor,9800000000,Ph.D.
FAC-01767,fac_1767,fac.1767@examforge.edu,Computer Science,Professor,9800000000,Ph.D.
FAC-01768,fac_1768,fac.1768@examforge.edu,Computer Science,Professor,9800000000,Ph.D.
FAC-01769,fac_1769,fac.1769@examforge.edu,Computer Science,Professor,9800000000,Ph.D.
FAC-01770,fac_1770,fac.1770@examforge.edu,Computer Science,Professor,9800000000,Ph.D.
FAC-01771,fac_1771,fac.1771@examforge.edu,Computer Science,Professor,9800000000,Ph.D.
FAC-01772,fac_1772,fac.1772@examforge.edu,Computer Science,Professor,9800000000,Ph.D.
FAC-01773,fac_1773,fac.1773@examforge.edu,Computer Science,Professor,9800000000,Ph.D.
FAC-01774,fac_1774,fac.1774@examforge.edu,Computer Science,Professor,9800000000,Ph.D.
FAC-01775,fac_1775,fac.1775@examforge.edu,Computer Science,Professor,9800000000,Ph.D.
FAC-01776,fac_1776,fac.1776@examforge.edu,Computer Science,Professor,9800000000,Ph.D.
FAC-01777,fac_1777,fac.1777@examforge.edu,Computer Science,Professor,9800000000,Ph.D.
FAC-01778,fac_1778,fac.1778@examforge.edu,Computer Science,Professor,9800000000,Ph.D.
FAC-01779,fac_1779,fac.1779@examforge.edu,Computer Science,Professor,9800000000,Ph.D.
FAC-01780,fac_1780,fac.1780@examforge.edu,Computer Science,Professor,9800000000,Ph.D.
FAC-01781,fac_1781,fac.1781@examforge.edu,Computer Science,Professor,9800000000,Ph.D.
FAC-01782,fac_1782,fac.1782@examforge.edu,Computer Science,Professor,9800000000,Ph.D.
FAC-01783,fac_1783,fac.1783@examforge.edu,Computer Science,Professor,9800000000,Ph.D.
FAC-01784,fac_1784,fac.1784@examforge.edu,Computer Science,Professor,9800000000,Ph.D.
FAC-01785,fac_1785,fac.1785@examforge.edu,Computer Science,Professor,9800000000,Ph.D.
FAC-01786,fac_1786,fac.1786@examforge.edu,Computer Science,Professor,9800000000,Ph.D.
FAC-01787,fac_1787,fac.1787@examforge.edu,Computer Science,Professor,9800000000,Ph.D.
FAC-01788,fac_1788,fac.1788@examforge.edu,Computer Science,Professor,9800000000,Ph.D.
FAC-01789,fac_1789,fac.1789@examforge.edu,Computer Science,Professor,9800000000,Ph.D.
FAC-01790,fac_1790,fac.1790@examforge.edu,Computer Science,Professor,9800000000,Ph.D.
FAC-01791,fac_1791,fac.1791@examforge.edu,Computer Science,Professor,9800000000,Ph.D.
FAC-01792,fac_1792,fac.1792@examforge.edu,Computer Science,Professor,9800000000,Ph.D.
FAC-01793,fac_1793,fac.1793@examforge.edu,Computer Science,Professor,9800000000,Ph.D.
FAC-01794,fac_1794,fac.1794@examforge.edu,Computer Science,Professor,9800000000,Ph.D.
FAC-01795,fac_1795,fac.1795@examforge.edu,Computer Science,Professor,9800000000,Ph.D.
FAC-01796,fac_1796,fac.1796@examforge.edu,Computer Science,Professor,9800000000,Ph.D.
FAC-01797,fac_1797,fac.1797@examforge.edu,Computer Science,Professor,9800000000,Ph.D.
FAC-01798,fac_1798,fac.1798@examforge.edu,Computer Science,Professor,9800000000,Ph.D.
FAC-01799,fac_1799,fac.1799@examforge.edu,Computer Science,Professor,9800000000,Ph.D.
FAC-01800,fac_1800,fac.1800@examforge.edu,Computer Science,Professor,9800000000,Ph.D.
FAC-01801,fac_1801,fac.1801@examforge.edu,Computer Science,Professor,9800000000,Ph.D.
FAC-01802,fac_1802,fac.1802@examforge.edu,Computer Science,Professor,9800000000,Ph.D.
FAC-01803,fac_1803,fac.1803@examforge.edu,Computer Science,Professor,9800000000,Ph.D.
FAC-01804,fac_1804,fac.1804@examforge.edu,Computer Science,Professor,9800000000,Ph.D.
FAC-01805,fac_1805,fac.1805@examforge.edu,Computer Science,Professor,9800000000,Ph.D.
FAC-01806,fac_1806,fac.1806@examforge.edu,Computer Science,Professor,9800000000,Ph.D.
FAC-01807,fac_1807,fac.1807@examforge.edu,Computer Science,Professor,9800000000,Ph.D.
FAC-01808,fac_1808,fac.1808@examforge.edu,Computer Science,Professor,9800000000,Ph.D.
FAC-01809,fac_1809,fac.1809@examforge.edu,Computer Science,Professor,9800000000,Ph.D.
FAC-01810,fac_1810,fac.1810@examforge.edu,Computer Science,Professor,9800000000,Ph.D.
FAC-01811,fac_1811,fac.1811@examforge.edu,Computer Science,Professor,9800000000,Ph.D.
FAC-01812,fac_1812,fac.1812@examforge.edu,Computer Science,Professor,9800000000,Ph.D.
FAC-01813,fac_1813,fac.1813@examforge.edu,Computer Science,Professor,9800000000,Ph.D.
FAC-01814,fac_1814,fac.1814@examforge.edu,Computer Science,Professor,9800000000,Ph.D.
FAC-01815,fac_1815,fac.1815@examforge.edu,Computer Science,Professor,9800000000,Ph.D.
FAC-01816,fac_1816,fac.1816@examforge.edu,Computer Science,Professor,9800000000,Ph.D.
FAC-01817,fac_1817,fac.1817@examforge.edu,Computer Science,Professor,9800000000,Ph.D.
FAC-01818,fac_1818,fac.1818@examforge.edu,Computer Science,Professor,9800000000,Ph.D.
FAC-01819,fac_1819,fac.1819@examforge.edu,Computer Science,Professor,9800000000,Ph.D.
FAC-01820,fac_1820,fac.1820@examforge.edu,Computer Science,Professor,9800000000,Ph.D.
FAC-01821,fac_1821,fac.1821@examforge.edu,Computer Science,Professor,9800000000,Ph.D.
FAC-01822,fac_1822,fac.1822@examforge.edu,Computer Science,Professor,9800000000,Ph.D.
FAC-01823,fac_1823,fac.1823@examforge.edu,Computer Science,Professor,9800000000,Ph.D.
FAC-01824,fac_1824,fac.1824@examforge.edu,Computer Science,Professor,9800000000,Ph.D.
FAC-01825,fac_1825,fac.1825@examforge.edu,Computer Science,Professor,9800000000,Ph.D.
FAC-01826,fac_1826,fac.1826@examforge.edu,Computer Science,Professor,9800000000,Ph.D.
FAC-01827,fac_1827,fac.1827@examforge.edu,Computer Science,Professor,9800000000,Ph.D.
FAC-01828,fac_1828,fac.1828@examforge.edu,Computer Science,Professor,9800000000,Ph.D.
FAC-01829,fac_1829,fac.1829@examforge.edu,Computer Science,Professor,9800000000,Ph.D.
FAC-01830,fac_1830,fac.1830@examforge.edu,Computer Science,Professor,9800000000,Ph.D.
FAC-01831,fac_1831,fac.1831@examforge.edu,Computer Science,Professor,9800000000,Ph.D.
FAC-01832,fac_1832,fac.1832@examforge.edu,Computer Science,Professor,9800000000,Ph.D.
FAC-01833,fac_1833,fac.1833@examforge.edu,Computer Science,Professor,9800000000,Ph.D.
FAC-01834,fac_1834,fac.1834@examforge.edu,Computer Science,Professor,9800000000,Ph.D.
FAC-01835,fac_1835,fac.1835@examforge.edu,Computer Science,Professor,9800000000,Ph.D.
FAC-01836,fac_1836,fac.1836@examforge.edu,Computer Science,Professor,9800000000,Ph.D.
FAC-01837,fac_1837,fac.1837@examforge.edu,Computer Science,Professor,9800000000,Ph.D.
FAC-01838,fac_1838,fac.1838@examforge.edu,Computer Science,Professor,9800000000,Ph.D.
FAC-01839,fac_1839,fac.1839@examforge.edu,Computer Science,Professor,9800000000,Ph.D.
FAC-01840,fac_1840,fac.1840@examforge.edu,Computer Science,Professor,9800000000,Ph.D.
FAC-01841,fac_1841,fac.1841@examforge.edu,Computer Science,Professor,9800000000,Ph.D.
FAC-01842,fac_1842,fac.1842@examforge.edu,Computer Science,Professor,9800000000,Ph.D.
FAC-01843,fac_1843,fac.1843@examforge.edu,Computer Science,Professor,9800000000,Ph.D.
FAC-01844,fac_1844,fac.1844@examforge.edu,Computer Science,Professor,9800000000,Ph.D.
FAC-01845,fac_1845,fac.1845@examforge.edu,Computer Science,Professor,9800000000,Ph.D.
FAC-01846,fac_1846,fac.1846@examforge.edu,Computer Science,Professor,9800000000,Ph.D.
FAC-01847,fac_1847,fac.1847@examforge.edu,Computer Science,Professor,9800000000,Ph.D.
FAC-01848,fac_1848,fac.1848@examforge.edu,Computer Science,Professor,9800000000,Ph.D.
FAC-01849,fac_1849,fac.1849@examforge.edu,Computer Science,Professor,9800000000,Ph.D.
FAC-01850,fac_1850,fac.1850@examforge.edu,Computer Science,Professor,9800000000,Ph.D.
FAC-01851,fac_1851,fac.1851@examforge.edu,Computer Science,Professor,9800000000,Ph.D.
FAC-01852,fac_1852,fac.1852@examforge.edu,Computer Science,Professor,9800000000,Ph.D.
FAC-01853,fac_1853,fac.1853@examforge.edu,Computer Science,Professor,9800000000,Ph.D.
FAC-01854,fac_1854,fac.1854@examforge.edu,Computer Science,Professor,9800000000,Ph.D.
FAC-01855,fac_1855,fac.1855@examforge.edu,Computer Science,Professor,9800000000,Ph.D.
FAC-01856,fac_1856,fac.1856@examforge.edu,Computer Science,Professor,9800000000,Ph.D.
FAC-01857,fac_1857,fac.1857@examforge.edu,Computer Science,Professor,9800000000,Ph.D.
FAC-01858,fac_1858,fac.1858@examforge.edu,Computer Science,Professor,9800000000,Ph.D.
FAC-01859,fac_1859,fac.1859@examforge.edu,Computer Science,Professor,9800000000,Ph.D.
FAC-01860,fac_1860,fac.1860@examforge.edu,Computer Science,Professor,9800000000,Ph.D.
FAC-01861,fac_1861,fac.1861@examforge.edu,Computer Science,Professor,9800000000,Ph.D.
FAC-01862,fac_1862,fac.1862@examforge.edu,Computer Science,Professor,9800000000,Ph.D.
FAC-01863,fac_1863,fac.1863@examforge.edu,Computer Science,Professor,9800000000,Ph.D.
FAC-01864,fac_1864,fac.1864@examforge.edu,Computer Science,Professor,9800000000,Ph.D.
FAC-01865,fac_1865,fac.1865@examforge.edu,Computer Science,Professor,9800000000,Ph.D.
FAC-01866,fac_1866,fac.1866@examforge.edu,Computer Science,Professor,9800000000,Ph.D.
FAC-01867,fac_1867,fac.1867@examforge.edu,Computer Science,Professor,9800000000,Ph.D.
FAC-01868,fac_1868,fac.1868@examforge.edu,Computer Science,Professor,9800000000,Ph.D.
FAC-01869,fac_1869,fac.1869@examforge.edu,Computer Science,Professor,9800000000,Ph.D.
FAC-01870,fac_1870,fac.1870@examforge.edu,Computer Science,Professor,9800000000,Ph.D.
FAC-01871,fac_1871,fac.1871@examforge.edu,Computer Science,Professor,9800000000,Ph.D.
FAC-01872,fac_1872,fac.1872@examforge.edu,Computer Science,Professor,9800000000,Ph.D.
FAC-01873,fac_1873,fac.1873@examforge.edu,Computer Science,Professor,9800000000,Ph.D.
FAC-01874,fac_1874,fac.1874@examforge.edu,Computer Science,Professor,9800000000,Ph.D.
FAC-01875,fac_1875,fac.1875@examforge.edu,Computer Science,Professor,9800000000,Ph.D.
FAC-01876,fac_1876,fac.1876@examforge.edu,Computer Science,Professor,9800000000,Ph.D.
FAC-01877,fac_1877,fac.1877@examforge.edu,Computer Science,Professor,9800000000,Ph.D.
FAC-01878,fac_1878,fac.1878@examforge.edu,Computer Science,Professor,9800000000,Ph.D.
FAC-01879,fac_1879,fac.1879@examforge.edu,Computer Science,Professor,9800000000,Ph.D.
FAC-01880,fac_1880,fac.1880@examforge.edu,Computer Science,Professor,9800000000,Ph.D.
FAC-01881,fac_1881,fac.1881@examforge.edu,Computer Science,Professor,9800000000,Ph.D.
FAC-01882,fac_1882,fac.1882@examforge.edu,Computer Science,Professor,9800000000,Ph.D.
FAC-01883,fac_1883,fac.1883@examforge.edu,Computer Science,Professor,9800000000,Ph.D.
FAC-01884,fac_1884,fac.1884@examforge.edu,Computer Science,Professor,9800000000,Ph.D.
FAC-01885,fac_1885,fac.1885@examforge.edu,Computer Science,Professor,9800000000,Ph.D.
FAC-01886,fac_1886,fac.1886@examforge.edu,Computer Science,Professor,9800000000,Ph.D.
FAC-01887,fac_1887,fac.1887@examforge.edu,Computer Science,Professor,9800000000,Ph.D.
FAC-01888,fac_1888,fac.1888@examforge.edu,Computer Science,Professor,9800000000,Ph.D.
FAC-01889,fac_1889,fac.1889@examforge.edu,Computer Science,Professor,9800000000,Ph.D.
FAC-01890,fac_1890,fac.1890@examforge.edu,Computer Science,Professor,9800000000,Ph.D.
FAC-01891,fac_1891,fac.1891@examforge.edu,Computer Science,Professor,9800000000,Ph.D.
FAC-01892,fac_1892,fac.1892@examforge.edu,Computer Science,Professor,9800000000,Ph.D.
FAC-01893,fac_1893,fac.1893@examforge.edu,Computer Science,Professor,9800000000,Ph.D.
FAC-01894,fac_1894,fac.1894@examforge.edu,Computer Science,Professor,9800000000,Ph.D.
FAC-01895,fac_1895,fac.1895@examforge.edu,Computer Science,Professor,9800000000,Ph.D.
FAC-01896,fac_1896,fac.1896@examforge.edu,Computer Science,Professor,9800000000,Ph.D.
FAC-01897,fac_1897,fac.1897@examforge.edu,Computer Science,Professor,9800000000,Ph.D.
FAC-01898,fac_1898,fac.1898@examforge.edu,Computer Science,Professor,9800000000,Ph.D.
FAC-01899,fac_1899,fac.1899@examforge.edu,Computer Science,Professor,9800000000,Ph.D.
FAC-01900,fac_1900,fac.1900@examforge.edu,Computer Science,Professor,9800000000,Ph.D.
FAC-01901,fac_1901,fac.1901@examforge.edu,Computer Science,Professor,9800000000,Ph.D.
FAC-01902,fac_1902,fac.1902@examforge.edu,Computer Science,Professor,9800000000,Ph.D.
FAC-01903,fac_1903,fac.1903@examforge.edu,Computer Science,Professor,9800000000,Ph.D.
FAC-01904,fac_1904,fac.1904@examforge.edu,Computer Science,Professor,9800000000,Ph.D.
FAC-01905,fac_1905,fac.1905@examforge.edu,Computer Science,Professor,9800000000,Ph.D.
FAC-01906,fac_1906,fac.1906@examforge.edu,Computer Science,Professor,9800000000,Ph.D.
FAC-01907,fac_1907,fac.1907@examforge.edu,Computer Science,Professor,9800000000,Ph.D.
FAC-01908,fac_1908,fac.1908@examforge.edu,Computer Science,Professor,9800000000,Ph.D.
FAC-01909,fac_1909,fac.1909@examforge.edu,Computer Science,Professor,9800000000,Ph.D.
FAC-01910,fac_1910,fac.1910@examforge.edu,Computer Science,Professor,9800000000,Ph.D.
FAC-01911,fac_1911,fac.1911@examforge.edu,Computer Science,Professor,9800000000,Ph.D.
FAC-01912,fac_1912,fac.1912@examforge.edu,Computer Science,Professor,9800000000,Ph.D.
FAC-01913,fac_1913,fac.1913@examforge.edu,Computer Science,Professor,9800000000,Ph.D.
FAC-01914,fac_1914,fac.1914@examforge.edu,Computer Science,Professor,9800000000,Ph.D.
FAC-01915,fac_1915,fac.1915@examforge.edu,Computer Science,Professor,9800000000,Ph.D.
FAC-01916,fac_1916,fac.1916@examforge.edu,Computer Science,Professor,9800000000,Ph.D.
FAC-01917,fac_1917,fac.1917@examforge.edu,Computer Science,Professor,9800000000,Ph.D.
FAC-01918,fac_1918,fac.1918@examforge.edu,Computer Science,Professor,9800000000,Ph.D.
FAC-01919,fac_1919,fac.1919@examforge.edu,Computer Science,Professor,9800000000,Ph.D.
FAC-01920,fac_1920,fac.1920@examforge.edu,Computer Science,Professor,9800000000,Ph.D.
FAC-01921,fac_1921,fac.1921@examforge.edu,Computer Science,Professor,9800000000,Ph.D.
FAC-01922,fac_1922,fac.1922@examforge.edu,Computer Science,Professor,9800000000,Ph.D.
FAC-01923,fac_1923,fac.1923@examforge.edu,Computer Science,Professor,9800000000,Ph.D.
FAC-01924,fac_1924,fac.1924@examforge.edu,Computer Science,Professor,9800000000,Ph.D.
FAC-01925,fac_1925,fac.1925@examforge.edu,Computer Science,Professor,9800000000,Ph.D.
FAC-01926,fac_1926,fac.1926@examforge.edu,Computer Science,Professor,9800000000,Ph.D.
FAC-01927,fac_1927,fac.1927@examforge.edu,Computer Science,Professor,9800000000,Ph.D.
FAC-01928,fac_1928,fac.1928@examforge.edu,Computer Science,Professor,9800000000,Ph.D.
FAC-01929,fac_1929,fac.1929@examforge.edu,Computer Science,Professor,9800000000,Ph.D.
FAC-01930,fac_1930,fac.1930@examforge.edu,Computer Science,Professor,9800000000,Ph.D.
FAC-01931,fac_1931,fac.1931@examforge.edu,Computer Science,Professor,9800000000,Ph.D.
FAC-01932,fac_1932,fac.1932@examforge.edu,Computer Science,Professor,9800000000,Ph.D.
FAC-01933,fac_1933,fac.1933@examforge.edu,Computer Science,Professor,9800000000,Ph.D.
FAC-01934,fac_1934,fac.1934@examforge.edu,Computer Science,Professor,9800000000,Ph.D.
FAC-01935,fac_1935,fac.1935@examforge.edu,Computer Science,Professor,9800000000,Ph.D.
FAC-01936,fac_1936,fac.1936@examforge.edu,Computer Science,Professor,9800000000,Ph.D.
FAC-01937,fac_1937,fac.1937@examforge.edu,Computer Science,Professor,9800000000,Ph.D.
FAC-01938,fac_1938,fac.1938@examforge.edu,Computer Science,Professor,9800000000,Ph.D.
FAC-01939,fac_1939,fac.1939@examforge.edu,Computer Science,Professor,9800000000,Ph.D.
FAC-01940,fac_1940,fac.1940@examforge.edu,Computer Science,Professor,9800000000,Ph.D.
FAC-01941,fac_1941,fac.1941@examforge.edu,Computer Science,Professor,9800000000,Ph.D.
FAC-01942,fac_1942,fac.1942@examforge.edu,Computer Science,Professor,9800000000,Ph.D.
FAC-01943,fac_1943,fac.1943@examforge.edu,Computer Science,Professor,9800000000,Ph.D.
FAC-01944,fac_1944,fac.1944@examforge.edu,Computer Science,Professor,9800000000,Ph.D.
FAC-01945,fac_1945,fac.1945@examforge.edu,Computer Science,Professor,9800000000,Ph.D.
FAC-01946,fac_1946,fac.1946@examforge.edu,Computer Science,Professor,9800000000,Ph.D.
FAC-01947,fac_1947,fac.1947@examforge.edu,Computer Science,Professor,9800000000,Ph.D.
FAC-01948,fac_1948,fac.1948@examforge.edu,Computer Science,Professor,9800000000,Ph.D.
FAC-01949,fac_1949,fac.1949@examforge.edu,Computer Science,Professor,9800000000,Ph.D.
FAC-01950,fac_1950,fac.1950@examforge.edu,Computer Science,Professor,9800000000,Ph.D.
FAC-01951,fac_1951,fac.1951@examforge.edu,Computer Science,Professor,9800000000,Ph.D.
FAC-01952,fac_1952,fac.1952@examforge.edu,Computer Science,Professor,9800000000,Ph.D.
FAC-01953,fac_1953,fac.1953@examforge.edu,Computer Science,Professor,9800000000,Ph.D.
FAC-01954,fac_1954,fac.1954@examforge.edu,Computer Science,Professor,9800000000,Ph.D.
FAC-01955,fac_1955,fac.1955@examforge.edu,Computer Science,Professor,9800000000,Ph.D.
FAC-01956,fac_1956,fac.1956@examforge.edu,Computer Science,Professor,9800000000,Ph.D.
FAC-01957,fac_1957,fac.1957@examforge.edu,Computer Science,Professor,9800000000,Ph.D.
FAC-01958,fac_1958,fac.1958@examforge.edu,Computer Science,Professor,9800000000,Ph.D.
FAC-01959,fac_1959,fac.1959@examforge.edu,Computer Science,Professor,9800000000,Ph.D.
FAC-01960,fac_1960,fac.1960@examforge.edu,Computer Science,Professor,9800000000,Ph.D.
FAC-01961,fac_1961,fac.1961@examforge.edu,Computer Science,Professor,9800000000,Ph.D.
FAC-01962,fac_1962,fac.1962@examforge.edu,Computer Science,Professor,9800000000,Ph.D.
FAC-01963,fac_1963,fac.1963@examforge.edu,Computer Science,Professor,9800000000,Ph.D.
FAC-01964,fac_1964,fac.1964@examforge.edu,Computer Science,Professor,9800000000,Ph.D.
FAC-01965,fac_1965,fac.1965@examforge.edu,Computer Science,Professor,9800000000,Ph.D.
FAC-01966,fac_1966,fac.1966@examforge.edu,Computer Science,Professor,9800000000,Ph.D.
FAC-01967,fac_1967,fac.1967@examforge.edu,Computer Science,Professor,9800000000,Ph.D.
FAC-01968,fac_1968,fac.1968@examforge.edu,Computer Science,Professor,9800000000,Ph.D.
FAC-01969,fac_1969,fac.1969@examforge.edu,Computer Science,Professor,9800000000,Ph.D.
FAC-01970,fac_1970,fac.1970@examforge.edu,Computer Science,Professor,9800000000,Ph.D.
FAC-01971,fac_1971,fac.1971@examforge.edu,Computer Science,Professor,9800000000,Ph.D.
FAC-01972,fac_1972,fac.1972@examforge.edu,Computer Science,Professor,9800000000,Ph.D.
FAC-01973,fac_1973,fac.1973@examforge.edu,Computer Science,Professor,9800000000,Ph.D.
FAC-01974,fac_1974,fac.1974@examforge.edu,Computer Science,Professor,9800000000,Ph.D.
FAC-01975,fac_1975,fac.1975@examforge.edu,Computer Science,Professor,9800000000,Ph.D.
FAC-01976,fac_1976,fac.1976@examforge.edu,Computer Science,Professor,9800000000,Ph.D.
FAC-01977,fac_1977,fac.1977@examforge.edu,Computer Science,Professor,9800000000,Ph.D.
FAC-01978,fac_1978,fac.1978@examforge.edu,Computer Science,Professor,9800000000,Ph.D.
FAC-01979,fac_1979,fac.1979@examforge.edu,Computer Science,Professor,9800000000,Ph.D.
FAC-01980,fac_1980,fac.1980@examforge.edu,Computer Science,Professor,9800000000,Ph.D.
FAC-01981,fac_1981,fac.1981@examforge.edu,Computer Science,Professor,9800000000,Ph.D.
FAC-01982,fac_1982,fac.1982@examforge.edu,Computer Science,Professor,9800000000,Ph.D.
FAC-01983,fac_1983,fac.1983@examforge.edu,Computer Science,Professor,9800000000,Ph.D.
FAC-01984,fac_1984,fac.1984@examforge.edu,Computer Science,Professor,9800000000,Ph.D.
FAC-01985,fac_1985,fac.1985@examforge.edu,Computer Science,Professor,9800000000,Ph.D.
FAC-01986,fac_1986,fac.1986@examforge.edu,Computer Science,Professor,9800000000,Ph.D.
FAC-01987,fac_1987,fac.1987@examforge.edu,Computer Science,Professor,9800000000,Ph.D.
FAC-01988,fac_1988,fac.1988@examforge.edu,Computer Science,Professor,9800000000,Ph.D.
FAC-01989,fac_1989,fac.1989@examforge.edu,Computer Science,Professor,9800000000,Ph.D.
FAC-01990,fac_1990,fac.1990@examforge.edu,Computer Science,Professor,9800000000,Ph.D.
FAC-01991,fac_1991,fac.1991@examforge.edu,Computer Science,Professor,9800000000,Ph.D.
FAC-01992,fac_1992,fac.1992@examforge.edu,Computer Science,Professor,9800000000,Ph.D.
FAC-01993,fac_1993,fac.1993@examforge.edu,Computer Science,Professor,9800000000,Ph.D.
FAC-01994,fac_1994,fac.1994@examforge.edu,Computer Science,Professor,9800000000,Ph.D.
FAC-01995,fac_1995,fac.1995@examforge.edu,Computer Science,Professor,9800000000,Ph.D.
FAC-01996,fac_1996,fac.1996@examforge.edu,Computer Science,Professor,9800000000,Ph.D.
FAC-01997,fac_1997,fac.1997@examforge.edu,Computer Science,Professor,9800000000,Ph.D.
FAC-01998,fac_1998,fac.1998@examforge.edu,Computer Science,Professor,9800000000,Ph.D.
FAC-01999,fac_1999,fac.1999@examforge.edu,Computer Science,Professor,9800000000,Ph.D.
FAC-02000,fac_2000,fac.2000@examforge.edu,Computer Science,Professor,9800000000,Ph.D.
FAC-02001,fac_2001,fac.2001@examforge.edu,Computer Science,Professor,9800000000,Ph.D.
FAC-02002,fac_2002,fac.2002@examforge.edu,Computer Science,Professor,9800000000,Ph.D.
FAC-02003,fac_2003,fac.2003@examforge.edu,Computer Science,Professor,9800000000,Ph.D.
FAC-02004,fac_2004,fac.2004@examforge.edu,Computer Science,Professor,9800000000,Ph.D.
FAC-02005,fac_2005,fac.2005@examforge.edu,Computer Science,Professor,9800000000,Ph.D.
FAC-02006,fac_2006,fac.2006@examforge.edu,Computer Science,Professor,9800000000,Ph.D.
FAC-02007,fac_2007,fac.2007@examforge.edu,Computer Science,Professor,9800000000,Ph.D.
FAC-02008,fac_2008,fac.2008@examforge.edu,Computer Science,Professor,9800000000,Ph.D.
FAC-02009,fac_2009,fac.2009@examforge.edu,Computer Science,Professor,9800000000,Ph.D.
FAC-02010,fac_2010,fac.2010@examforge.edu,Computer Science,Professor,9800000000,Ph.D.
FAC-02011,fac_2011,fac.2011@examforge.edu,Computer Science,Professor,9800000000,Ph.D.
FAC-02012,fac_2012,fac.2012@examforge.edu,Computer Science,Professor,9800000000,Ph.D.
FAC-02013,fac_2013,fac.2013@examforge.edu,Computer Science,Professor,9800000000,Ph.D.
FAC-02014,fac_2014,fac.2014@examforge.edu,Computer Science,Professor,9800000000,Ph.D.
FAC-02015,fac_2015,fac.2015@examforge.edu,Computer Science,Professor,9800000000,Ph.D.
FAC-02016,fac_2016,fac.2016@examforge.edu,Computer Science,Professor,9800000000,Ph.D.
FAC-02017,fac_2017,fac.2017@examforge.edu,Computer Science,Professor,9800000000,Ph.D.
FAC-02018,fac_2018,fac.2018@examforge.edu,Computer Science,Professor,9800000000,Ph.D.
FAC-02019,fac_2019,fac.2019@examforge.edu,Computer Science,Professor,9800000000,Ph.D.
FAC-02020,fac_2020,fac.2020@examforge.edu,Computer Science,Professor,9800000000,Ph.D.
FAC-02021,fac_2021,fac.2021@examforge.edu,Computer Science,Professor,9800000000,Ph.D.
FAC-02022,fac_2022,fac.2022@examforge.edu,Computer Science,Professor,9800000000,Ph.D.
FAC-02023,fac_2023,fac.2023@examforge.edu,Computer Science,Professor,9800000000,Ph.D.
FAC-02024,fac_2024,fac.2024@examforge.edu,Computer Science,Professor,9800000000,Ph.D.
FAC-02025,fac_2025,fac.2025@examforge.edu,Computer Science,Professor,9800000000,Ph.D.
FAC-02026,fac_2026,fac.2026@examforge.edu,Computer Science,Professor,9800000000,Ph.D.
FAC-02027,fac_2027,fac.2027@examforge.edu,Computer Science,Professor,9800000000,Ph.D.
FAC-02028,fac_2028,fac.2028@examforge.edu,Computer Science,Professor,9800000000,Ph.D.
FAC-02029,fac_2029,fac.2029@examforge.edu,Computer Science,Professor,9800000000,Ph.D.
FAC-02030,fac_2030,fac.2030@examforge.edu,Computer Science,Professor,9800000000,Ph.D.
FAC-02031,fac_2031,fac.2031@examforge.edu,Computer Science,Professor,9800000000,Ph.D.
FAC-02032,fac_2032,fac.2032@examforge.edu,Computer Science,Professor,9800000000,Ph.D.
FAC-02033,fac_2033,fac.2033@examforge.edu,Computer Science,Professor,9800000000,Ph.D.
FAC-02034,fac_2034,fac.2034@examforge.edu,Computer Science,Professor,9800000000,Ph.D.
FAC-02035,fac_2035,fac.2035@examforge.edu,Computer Science,Professor,9800000000,Ph.D.
FAC-02036,fac_2036,fac.2036@examforge.edu,Computer Science,Professor,9800000000,Ph.D.
FAC-02037,fac_2037,fac.2037@examforge.edu,Computer Science,Professor,9800000000,Ph.D.
FAC-02038,fac_2038,fac.2038@examforge.edu,Computer Science,Professor,9800000000,Ph.D.
FAC-02039,fac_2039,fac.2039@examforge.edu,Computer Science,Professor,9800000000,Ph.D.
FAC-02040,fac_2040,fac.2040@examforge.edu,Computer Science,Professor,9800000000,Ph.D.
FAC-02041,fac_2041,fac.2041@examforge.edu,Computer Science,Professor,9800000000,Ph.D.
FAC-02042,fac_2042,fac.2042@examforge.edu,Computer Science,Professor,9800000000,Ph.D.
FAC-02043,fac_2043,fac.2043@examforge.edu,Computer Science,Professor,9800000000,Ph.D.
FAC-02044,fac_2044,fac.2044@examforge.edu,Computer Science,Professor,9800000000,Ph.D.
FAC-02045,fac_2045,fac.2045@examforge.edu,Computer Science,Professor,9800000000,Ph.D.
FAC-02046,fac_2046,fac.2046@examforge.edu,Computer Science,Professor,9800000000,Ph.D.
FAC-02047,fac_2047,fac.2047@examforge.edu,Computer Science,Professor,9800000000,Ph.D.
FAC-02048,fac_2048,fac.2048@examforge.edu,Computer Science,Professor,9800000000,Ph.D.
FAC-02049,fac_2049,fac.2049@examforge.edu,Computer Science,Professor,9800000000,Ph.D.
FAC-02050,fac_2050,fac.2050@examforge.edu,Computer Science,Professor,9800000000,Ph.D.
FAC-02051,fac_2051,fac.2051@examforge.edu,Computer Science,Professor,9800000000,Ph.D.
FAC-02052,fac_2052,fac.2052@examforge.edu,Computer Science,Professor,9800000000,Ph.D.
FAC-02053,fac_2053,fac.2053@examforge.edu,Computer Science,Professor,9800000000,Ph.D.
FAC-02054,fac_2054,fac.2054@examforge.edu,Computer Science,Professor,9800000000,Ph.D.
FAC-02055,fac_2055,fac.2055@examforge.edu,Computer Science,Professor,9800000000,Ph.D.
FAC-02056,fac_2056,fac.2056@examforge.edu,Computer Science,Professor,9800000000,Ph.D.
FAC-02057,fac_2057,fac.2057@examforge.edu,Computer Science,Professor,9800000000,Ph.D.
FAC-02058,fac_2058,fac.2058@examforge.edu,Computer Science,Professor,9800000000,Ph.D.
FAC-02059,fac_2059,fac.2059@examforge.edu,Computer Science,Professor,9800000000,Ph.D.
FAC-02060,fac_2060,fac.2060@examforge.edu,Computer Science,Professor,9800000000,Ph.D.
FAC-02061,fac_2061,fac.2061@examforge.edu,Computer Science,Professor,9800000000,Ph.D.
FAC-02062,fac_2062,fac.2062@examforge.edu,Computer Science,Professor,9800000000,Ph.D.
FAC-02063,fac_2063,fac.2063@examforge.edu,Computer Science,Professor,9800000000,Ph.D.
FAC-02064,fac_2064,fac.2064@examforge.edu,Computer Science,Professor,9800000000,Ph.D.
FAC-02065,fac_2065,fac.2065@examforge.edu,Computer Science,Professor,9800000000,Ph.D.
FAC-02066,fac_2066,fac.2066@examforge.edu,Computer Science,Professor,9800000000,Ph.D.
FAC-02067,fac_2067,fac.2067@examforge.edu,Computer Science,Professor,9800000000,Ph.D.
FAC-02068,fac_2068,fac.2068@examforge.edu,Computer Science,Professor,9800000000,Ph.D.
FAC-02069,fac_2069,fac.2069@examforge.edu,Computer Science,Professor,9800000000,Ph.D.
FAC-02070,fac_2070,fac.2070@examforge.edu,Computer Science,Professor,9800000000,Ph.D.
FAC-02071,fac_2071,fac.2071@examforge.edu,Computer Science,Professor,9800000000,Ph.D.
FAC-02072,fac_2072,fac.2072@examforge.edu,Computer Science,Professor,9800000000,Ph.D.
FAC-02073,fac_2073,fac.2073@examforge.edu,Computer Science,Professor,9800000000,Ph.D.
FAC-02074,fac_2074,fac.2074@examforge.edu,Computer Science,Professor,9800000000,Ph.D.
FAC-02075,fac_2075,fac.2075@examforge.edu,Computer Science,Professor,9800000000,Ph.D.
FAC-02076,fac_2076,fac.2076@examforge.edu,Computer Science,Professor,9800000000,Ph.D.
FAC-02077,fac_2077,fac.2077@examforge.edu,Computer Science,Professor,9800000000,Ph.D.
FAC-02078,fac_2078,fac.2078@examforge.edu,Computer Science,Professor,9800000000,Ph.D.
FAC-02079,fac_2079,fac.2079@examforge.edu,Computer Science,Professor,9800000000,Ph.D.
FAC-02080,fac_2080,fac.2080@examforge.edu,Computer Science,Professor,9800000000,Ph.D.
FAC-02081,fac_2081,fac.2081@examforge.edu,Computer Science,Professor,9800000000,Ph.D.
FAC-02082,fac_2082,fac.2082@examforge.edu,Computer Science,Professor,9800000000,Ph.D.
FAC-02083,fac_2083,fac.2083@examforge.edu,Computer Science,Professor,9800000000,Ph.D.
FAC-02084,fac_2084,fac.2084@examforge.edu,Computer Science,Professor,9800000000,Ph.D.
FAC-02085,fac_2085,fac.2085@examforge.edu,Computer Science,Professor,9800000000,Ph.D.
FAC-02086,fac_2086,fac.2086@examforge.edu,Computer Science,Professor,9800000000,Ph.D.
FAC-02087,fac_2087,fac.2087@examforge.edu,Computer Science,Professor,9800000000,Ph.D.
FAC-02088,fac_2088,fac.2088@examforge.edu,Computer Science,Professor,9800000000,Ph.D.
FAC-02089,fac_2089,fac.2089@examforge.edu,Computer Science,Professor,9800000000,Ph.D.
FAC-02090,fac_2090,fac.2090@examforge.edu,Computer Science,Professor,9800000000,Ph.D.
FAC-02091,fac_2091,fac.2091@examforge.edu,Computer Science,Professor,9800000000,Ph.D.
FAC-02092,fac_2092,fac.2092@examforge.edu,Computer Science,Professor,9800000000,Ph.D.
FAC-02093,fac_2093,fac.2093@examforge.edu,Computer Science,Professor,9800000000,Ph.D.
FAC-02094,fac_2094,fac.2094@examforge.edu,Computer Science,Professor,9800000000,Ph.D.
FAC-02095,fac_2095,fac.2095@examforge.edu,Computer Science,Professor,9800000000,Ph.D.
FAC-02096,fac_2096,fac.2096@examforge.edu,Computer Science,Professor,9800000000,Ph.D.
FAC-02097,fac_2097,fac.2097@examforge.edu,Computer Science,Professor,9800000000,Ph.D.
FAC-02098,fac_2098,fac.2098@examforge.edu,Computer Science,Professor,9800000000,Ph.D.
FAC-02099,fac_2099,fac.2099@examforge.edu,Computer Science,Professor,9800000000,Ph.D.
FAC-02100,fac_2100,fac.2100@examforge.edu,Computer Science,Professor,9800000000,Ph.D.
FAC-02101,fac_2101,fac.2101@examforge.edu,Computer Science,Professor,9800000000,Ph.D.
FAC-02102,fac_2102,fac.2102@examforge.edu,Computer Science,Professor,9800000000,Ph.D.
FAC-02103,fac_2103,fac.2103@examforge.edu,Computer Science,Professor,9800000000,Ph.D.
FAC-02104,fac_2104,fac.2104@examforge.edu,Computer Science,Professor,9800000000,Ph.D.
FAC-02105,fac_2105,fac.2105@examforge.edu,Computer Science,Professor,9800000000,Ph.D.
FAC-02106,fac_2106,fac.2106@examforge.edu,Computer Science,Professor,9800000000,Ph.D.
FAC-02107,fac_2107,fac.2107@examforge.edu,Computer Science,Professor,9800000000,Ph.D.
FAC-02108,fac_2108,fac.2108@examforge.edu,Computer Science,Professor,9800000000,Ph.D.
FAC-02109,fac_2109,fac.2109@examforge.edu,Computer Science,Professor,9800000000,Ph.D.
FAC-02110,fac_2110,fac.2110@examforge.edu,Computer Science,Professor,9800000000,Ph.D.
FAC-02111,fac_2111,fac.2111@examforge.edu,Computer Science,Professor,9800000000,Ph.D.
FAC-02112,fac_2112,fac.2112@examforge.edu,Computer Science,Professor,9800000000,Ph.D.
FAC-02113,fac_2113,fac.2113@examforge.edu,Computer Science,Professor,9800000000,Ph.D.
FAC-02114,fac_2114,fac.2114@examforge.edu,Computer Science,Professor,9800000000,Ph.D.
FAC-02115,fac_2115,fac.2115@examforge.edu,Computer Science,Professor,9800000000,Ph.D.
FAC-02116,fac_2116,fac.2116@examforge.edu,Computer Science,Professor,9800000000,Ph.D.
FAC-02117,fac_2117,fac.2117@examforge.edu,Computer Science,Professor,9800000000,Ph.D.
FAC-02118,fac_2118,fac.2118@examforge.edu,Computer Science,Professor,9800000000,Ph.D.
FAC-02119,fac_2119,fac.2119@examforge.edu,Computer Science,Professor,9800000000,Ph.D.
FAC-02120,fac_2120,fac.2120@examforge.edu,Computer Science,Professor,9800000000,Ph.D.
FAC-02121,fac_2121,fac.2121@examforge.edu,Computer Science,Professor,9800000000,Ph.D.
FAC-02122,fac_2122,fac.2122@examforge.edu,Computer Science,Professor,9800000000,Ph.D.
FAC-02123,fac_2123,fac.2123@examforge.edu,Computer Science,Professor,9800000000,Ph.D.
FAC-02124,fac_2124,fac.2124@examforge.edu,Computer Science,Professor,9800000000,Ph.D.
FAC-02125,fac_2125,fac.2125@examforge.edu,Computer Science,Professor,9800000000,Ph.D.
FAC-02126,fac_2126,fac.2126@examforge.edu,Computer Science,Professor,9800000000,Ph.D.
FAC-02127,fac_2127,fac.2127@examforge.edu,Computer Science,Professor,9800000000,Ph.D.
FAC-02128,fac_2128,fac.2128@examforge.edu,Computer Science,Professor,9800000000,Ph.D.
FAC-02129,fac_2129,fac.2129@examforge.edu,Computer Science,Professor,9800000000,Ph.D.
FAC-02130,fac_2130,fac.2130@examforge.edu,Computer Science,Professor,9800000000,Ph.D.
FAC-02131,fac_2131,fac.2131@examforge.edu,Computer Science,Professor,9800000000,Ph.D.
FAC-02132,fac_2132,fac.2132@examforge.edu,Computer Science,Professor,9800000000,Ph.D.
FAC-02133,fac_2133,fac.2133@examforge.edu,Computer Science,Professor,9800000000,Ph.D.
FAC-02134,fac_2134,fac.2134@examforge.edu,Computer Science,Professor,9800000000,Ph.D.
FAC-02135,fac_2135,fac.2135@examforge.edu,Computer Science,Professor,9800000000,Ph.D.
FAC-02136,fac_2136,fac.2136@examforge.edu,Computer Science,Professor,9800000000,Ph.D.
FAC-02137,fac_2137,fac.2137@examforge.edu,Computer Science,Professor,9800000000,Ph.D.
FAC-02138,fac_2138,fac.2138@examforge.edu,Computer Science,Professor,9800000000,Ph.D.
FAC-02139,fac_2139,fac.2139@examforge.edu,Computer Science,Professor,9800000000,Ph.D.
FAC-02140,fac_2140,fac.2140@examforge.edu,Computer Science,Professor,9800000000,Ph.D.
FAC-02141,fac_2141,fac.2141@examforge.edu,Computer Science,Professor,9800000000,Ph.D.
FAC-02142,fac_2142,fac.2142@examforge.edu,Computer Science,Professor,9800000000,Ph.D.
FAC-02143,fac_2143,fac.2143@examforge.edu,Computer Science,Professor,9800000000,Ph.D.
FAC-02144,fac_2144,fac.2144@examforge.edu,Computer Science,Professor,9800000000,Ph.D.
FAC-02145,fac_2145,fac.2145@examforge.edu,Computer Science,Professor,9800000000,Ph.D.
FAC-02146,fac_2146,fac.2146@examforge.edu,Computer Science,Professor,9800000000,Ph.D.
FAC-02147,fac_2147,fac.2147@examforge.edu,Computer Science,Professor,9800000000,Ph.D.
FAC-02148,fac_2148,fac.2148@examforge.edu,Computer Science,Professor,9800000000,Ph.D.
FAC-02149,fac_2149,fac.2149@examforge.edu,Computer Science,Professor,9800000000,Ph.D.
FAC-02150,fac_2150,fac.2150@examforge.edu,Computer Science,Professor,9800000000,Ph.D.
FAC-02151,fac_2151,fac.2151@examforge.edu,Computer Science,Professor,9800000000,Ph.D.
FAC-02152,fac_2152,fac.2152@examforge.edu,Computer Science,Professor,9800000000,Ph.D.
FAC-02153,fac_2153,fac.2153@examforge.edu,Computer Science,Professor,9800000000,Ph.D.
FAC-02154,fac_2154,fac.2154@examforge.edu,Computer Science,Professor,9800000000,Ph.D.
FAC-02155,fac_2155,fac.2155@examforge.edu,Computer Science,Professor,9800000000,Ph.D.
FAC-02156,fac_2156,fac.2156@examforge.edu,Computer Science,Professor,9800000000,Ph.D.
FAC-02157,fac_2157,fac.2157@examforge.edu,Computer Science,Professor,9800000000,Ph.D.
FAC-02158,fac_2158,fac.2158@examforge.edu,Computer Science,Professor,9800000000,Ph.D.
FAC-02159,fac_2159,fac.2159@examforge.edu,Computer Science,Professor,9800000000,Ph.D.
FAC-02160,fac_2160,fac.2160@examforge.edu,Computer Science,Professor,9800000000,Ph.D.
FAC-02161,fac_2161,fac.2161@examforge.edu,Computer Science,Professor,9800000000,Ph.D.
FAC-02162,fac_2162,fac.2162@examforge.edu,Computer Science,Professor,9800000000,Ph.D.
FAC-02163,fac_2163,fac.2163@examforge.edu,Computer Science,Professor,9800000000,Ph.D.
FAC-02164,fac_2164,fac.2164@examforge.edu,Computer Science,Professor,9800000000,Ph.D.
FAC-02165,fac_2165,fac.2165@examforge.edu,Computer Science,Professor,9800000000,Ph.D.
FAC-02166,fac_2166,fac.2166@examforge.edu,Computer Science,Professor,9800000000,Ph.D.
FAC-02167,fac_2167,fac.2167@examforge.edu,Computer Science,Professor,9800000000,Ph.D.
FAC-02168,fac_2168,fac.2168@examforge.edu,Computer Science,Professor,9800000000,Ph.D.
FAC-02169,fac_2169,fac.2169@examforge.edu,Computer Science,Professor,9800000000,Ph.D.
FAC-02170,fac_2170,fac.2170@examforge.edu,Computer Science,Professor,9800000000,Ph.D.
FAC-02171,fac_2171,fac.2171@examforge.edu,Computer Science,Professor,9800000000,Ph.D.
FAC-02172,fac_2172,fac.2172@examforge.edu,Computer Science,Professor,9800000000,Ph.D.
FAC-02173,fac_2173,fac.2173@examforge.edu,Computer Science,Professor,9800000000,Ph.D.
FAC-02174,fac_2174,fac.2174@examforge.edu,Computer Science,Professor,9800000000,Ph.D.
FAC-02175,fac_2175,fac.2175@examforge.edu,Computer Science,Professor,9800000000,Ph.D.
FAC-02176,fac_2176,fac.2176@examforge.edu,Computer Science,Professor,9800000000,Ph.D.
FAC-02177,fac_2177,fac.2177@examforge.edu,Computer Science,Professor,9800000000,Ph.D.
FAC-02178,fac_2178,fac.2178@examforge.edu,Computer Science,Professor,9800000000,Ph.D.
FAC-02179,fac_2179,fac.2179@examforge.edu,Computer Science,Professor,9800000000,Ph.D.
FAC-02180,fac_2180,fac.2180@examforge.edu,Computer Science,Professor,9800000000,Ph.D.
FAC-02181,fac_2181,fac.2181@examforge.edu,Computer Science,Professor,9800000000,Ph.D.
FAC-02182,fac_2182,fac.2182@examforge.edu,Computer Science,Professor,9800000000,Ph.D.
FAC-02183,fac_2183,fac.2183@examforge.edu,Computer Science,Professor,9800000000,Ph.D.
FAC-02184,fac_2184,fac.2184@examforge.edu,Computer Science,Professor,9800000000,Ph.D.
FAC-02185,fac_2185,fac.2185@examforge.edu,Computer Science,Professor,9800000000,Ph.D.
FAC-02186,fac_2186,fac.2186@examforge.edu,Computer Science,Professor,9800000000,Ph.D.
FAC-02187,fac_2187,fac.2187@examforge.edu,Computer Science,Professor,9800000000,Ph.D.
FAC-02188,fac_2188,fac.2188@examforge.edu,Computer Science,Professor,9800000000,Ph.D.
FAC-02189,fac_2189,fac.2189@examforge.edu,Computer Science,Professor,9800000000,Ph.D.
FAC-02190,fac_2190,fac.2190@examforge.edu,Computer Science,Professor,9800000000,Ph.D.
FAC-02191,fac_2191,fac.2191@examforge.edu,Computer Science,Professor,9800000000,Ph.D.
FAC-02192,fac_2192,fac.2192@examforge.edu,Computer Science,Professor,9800000000,Ph.D.
FAC-02193,fac_2193,fac.2193@examforge.edu,Computer Science,Professor,9800000000,Ph.D.
FAC-02194,fac_2194,fac.2194@examforge.edu,Computer Science,Professor,9800000000,Ph.D.
FAC-02195,fac_2195,fac.2195@examforge.edu,Computer Science,Professor,9800000000,Ph.D.
FAC-02196,fac_2196,fac.2196@examforge.edu,Computer Science,Professor,9800000000,Ph.D.
FAC-02197,fac_2197,fac.2197@examforge.edu,Computer Science,Professor,9800000000,Ph.D.
FAC-02198,fac_2198,fac.2198@examforge.edu,Computer Science,Professor,9800000000,Ph.D.
FAC-02199,fac_2199,fac.2199@examforge.edu,Computer Science,Professor,9800000000,Ph.D.
FAC-02200,fac_2200,fac.2200@examforge.edu,Computer Science,Professor,9800000000,Ph.D.
FAC-02201,fac_2201,fac.2201@examforge.edu,Computer Science,Professor,9800000000,Ph.D.
FAC-02202,fac_2202,fac.2202@examforge.edu,Computer Science,Professor,9800000000,Ph.D.
FAC-02203,fac_2203,fac.2203@examforge.edu,Computer Science,Professor,9800000000,Ph.D.
FAC-02204,fac_2204,fac.2204@examforge.edu,Computer Science,Professor,9800000000,Ph.D.
FAC-02205,fac_2205,fac.2205@examforge.edu,Computer Science,Professor,9800000000,Ph.D.
FAC-02206,fac_2206,fac.2206@examforge.edu,Computer Science,Professor,9800000000,Ph.D.
FAC-02207,fac_2207,fac.2207@examforge.edu,Computer Science,Professor,9800000000,Ph.D.
FAC-02208,fac_2208,fac.2208@examforge.edu,Computer Science,Professor,9800000000,Ph.D.
FAC-02209,fac_2209,fac.2209@examforge.edu,Computer Science,Professor,9800000000,Ph.D.
FAC-02210,fac_2210,fac.2210@examforge.edu,Computer Science,Professor,9800000000,Ph.D.
FAC-02211,fac_2211,fac.2211@examforge.edu,Computer Science,Professor,9800000000,Ph.D.
FAC-02212,fac_2212,fac.2212@examforge.edu,Computer Science,Professor,9800000000,Ph.D.
FAC-02213,fac_2213,fac.2213@examforge.edu,Computer Science,Professor,9800000000,Ph.D.
FAC-02214,fac_2214,fac.2214@examforge.edu,Computer Science,Professor,9800000000,Ph.D.
FAC-02215,fac_2215,fac.2215@examforge.edu,Computer Science,Professor,9800000000,Ph.D.
FAC-02216,fac_2216,fac.2216@examforge.edu,Computer Science,Professor,9800000000,Ph.D.
FAC-02217,fac_2217,fac.2217@examforge.edu,Computer Science,Professor,9800000000,Ph.D.
FAC-02218,fac_2218,fac.2218@examforge.edu,Computer Science,Professor,9800000000,Ph.D.
FAC-02219,fac_2219,fac.2219@examforge.edu,Computer Science,Professor,9800000000,Ph.D.
FAC-02220,fac_2220,fac.2220@examforge.edu,Computer Science,Professor,9800000000,Ph.D.
FAC-02221,fac_2221,fac.2221@examforge.edu,Computer Science,Professor,9800000000,Ph.D.
FAC-02222,fac_2222,fac.2222@examforge.edu,Computer Science,Professor,9800000000,Ph.D.
FAC-02223,fac_2223,fac.2223@examforge.edu,Computer Science,Professor,9800000000,Ph.D.
FAC-02224,fac_2224,fac.2224@examforge.edu,Computer Science,Professor,9800000000,Ph.D.
FAC-02225,fac_2225,fac.2225@examforge.edu,Computer Science,Professor,9800000000,Ph.D.
FAC-02226,fac_2226,fac.2226@examforge.edu,Computer Science,Professor,9800000000,Ph.D.
FAC-02227,fac_2227,fac.2227@examforge.edu,Computer Science,Professor,9800000000,Ph.D.
FAC-02228,fac_2228,fac.2228@examforge.edu,Computer Science,Professor,9800000000,Ph.D.
FAC-02229,fac_2229,fac.2229@examforge.edu,Computer Science,Professor,9800000000,Ph.D.
FAC-02230,fac_2230,fac.2230@examforge.edu,Computer Science,Professor,9800000000,Ph.D.
FAC-02231,fac_2231,fac.2231@examforge.edu,Computer Science,Professor,9800000000,Ph.D.
FAC-02232,fac_2232,fac.2232@examforge.edu,Computer Science,Professor,9800000000,Ph.D.
FAC-02233,fac_2233,fac.2233@examforge.edu,Computer Science,Professor,9800000000,Ph.D.
FAC-02234,fac_2234,fac.2234@examforge.edu,Computer Science,Professor,9800000000,Ph.D.
FAC-02235,fac_2235,fac.2235@examforge.edu,Computer Science,Professor,9800000000,Ph.D.
FAC-02236,fac_2236,fac.2236@examforge.edu,Computer Science,Professor,9800000000,Ph.D.
FAC-02237,fac_2237,fac.2237@examforge.edu,Computer Science,Professor,9800000000,Ph.D.
FAC-02238,fac_2238,fac.2238@examforge.edu,Computer Science,Professor,9800000000,Ph.D.
FAC-02239,fac_2239,fac.2239@examforge.edu,Computer Science,Professor,9800000000,Ph.D.
FAC-02240,fac_2240,fac.2240@examforge.edu,Computer Science,Professor,9800000000,Ph.D.
FAC-02241,fac_2241,fac.2241@examforge.edu,Computer Science,Professor,9800000000,Ph.D.
FAC-02242,fac_2242,fac.2242@examforge.edu,Computer Science,Professor,9800000000,Ph.D.
FAC-02243,fac_2243,fac.2243@examforge.edu,Computer Science,Professor,9800000000,Ph.D.
FAC-02244,fac_2244,fac.2244@examforge.edu,Computer Science,Professor,9800000000,Ph.D.
FAC-02245,fac_2245,fac.2245@examforge.edu,Computer Science,Professor,9800000000,Ph.D.
FAC-02246,fac_2246,fac.2246@examforge.edu,Computer Science,Professor,9800000000,Ph.D.
FAC-02247,fac_2247,fac.2247@examforge.edu,Computer Science,Professor,9800000000,Ph.D.
FAC-02248,fac_2248,fac.2248@examforge.edu,Computer Science,Professor,9800000000,Ph.D.
FAC-02249,fac_2249,fac.2249@examforge.edu,Computer Science,Professor,9800000000,Ph.D.
FAC-02250,fac_2250,fac.2250@examforge.edu,Computer Science,Professor,9800000000,Ph.D.
FAC-02251,fac_2251,fac.2251@examforge.edu,Computer Science,Professor,9800000000,Ph.D.
FAC-02252,fac_2252,fac.2252@examforge.edu,Computer Science,Professor,9800000000,Ph.D.
FAC-02253,fac_2253,fac.2253@examforge.edu,Computer Science,Professor,9800000000,Ph.D.
FAC-02254,fac_2254,fac.2254@examforge.edu,Computer Science,Professor,9800000000,Ph.D.
FAC-02255,fac_2255,fac.2255@examforge.edu,Computer Science,Professor,9800000000,Ph.D.
FAC-02256,fac_2256,fac.2256@examforge.edu,Computer Science,Professor,9800000000,Ph.D.
FAC-02257,fac_2257,fac.2257@examforge.edu,Computer Science,Professor,9800000000,Ph.D.
FAC-02258,fac_2258,fac.2258@examforge.edu,Computer Science,Professor,9800000000,Ph.D.
FAC-02259,fac_2259,fac.2259@examforge.edu,Computer Science,Professor,9800000000,Ph.D.
FAC-02260,fac_2260,fac.2260@examforge.edu,Computer Science,Professor,9800000000,Ph.D.
FAC-02261,fac_2261,fac.2261@examforge.edu,Computer Science,Professor,9800000000,Ph.D.
FAC-02262,fac_2262,fac.2262@examforge.edu,Computer Science,Professor,9800000000,Ph.D.
FAC-02263,fac_2263,fac.2263@examforge.edu,Computer Science,Professor,9800000000,Ph.D.
FAC-02264,fac_2264,fac.2264@examforge.edu,Computer Science,Professor,9800000000,Ph.D.
FAC-02265,fac_2265,fac.2265@examforge.edu,Computer Science,Professor,9800000000,Ph.D.
FAC-02266,fac_2266,fac.2266@examforge.edu,Computer Science,Professor,9800000000,Ph.D.
FAC-02267,fac_2267,fac.2267@examforge.edu,Computer Science,Professor,9800000000,Ph.D.
FAC-02268,fac_2268,fac.2268@examforge.edu,Computer Science,Professor,9800000000,Ph.D.
FAC-02269,fac_2269,fac.2269@examforge.edu,Computer Science,Professor,9800000000,Ph.D.
FAC-02270,fac_2270,fac.2270@examforge.edu,Computer Science,Professor,9800000000,Ph.D.
FAC-02271,fac_2271,fac.2271@examforge.edu,Computer Science,Professor,9800000000,Ph.D.
FAC-02272,fac_2272,fac.2272@examforge.edu,Computer Science,Professor,9800000000,Ph.D.
FAC-02273,fac_2273,fac.2273@examforge.edu,Computer Science,Professor,9800000000,Ph.D.
FAC-02274,fac_2274,fac.2274@examforge.edu,Computer Science,Professor,9800000000,Ph.D.
FAC-02275,fac_2275,fac.2275@examforge.edu,Computer Science,Professor,9800000000,Ph.D.
FAC-02276,fac_2276,fac.2276@examforge.edu,Computer Science,Professor,9800000000,Ph.D.
FAC-02277,fac_2277,fac.2277@examforge.edu,Computer Science,Professor,9800000000,Ph.D.
FAC-02278,fac_2278,fac.2278@examforge.edu,Computer Science,Professor,9800000000,Ph.D.
FAC-02279,fac_2279,fac.2279@examforge.edu,Computer Science,Professor,9800000000,Ph.D.
FAC-02280,fac_2280,fac.2280@examforge.edu,Computer Science,Professor,9800000000,Ph.D.
FAC-02281,fac_2281,fac.2281@examforge.edu,Computer Science,Professor,9800000000,Ph.D.
FAC-02282,fac_2282,fac.2282@examforge.edu,Computer Science,Professor,9800000000,Ph.D.
FAC-02283,fac_2283,fac.2283@examforge.edu,Computer Science,Professor,9800000000,Ph.D.
FAC-02284,fac_2284,fac.2284@examforge.edu,Computer Science,Professor,9800000000,Ph.D.
FAC-02285,fac_2285,fac.2285@examforge.edu,Computer Science,Professor,9800000000,Ph.D.
FAC-02286,fac_2286,fac.2286@examforge.edu,Computer Science,Professor,9800000000,Ph.D.
FAC-02287,fac_2287,fac.2287@examforge.edu,Computer Science,Professor,9800000000,Ph.D.
FAC-02288,fac_2288,fac.2288@examforge.edu,Computer Science,Professor,9800000000,Ph.D.
FAC-02289,fac_2289,fac.2289@examforge.edu,Computer Science,Professor,9800000000,Ph.D.
FAC-02290,fac_2290,fac.2290@examforge.edu,Computer Science,Professor,9800000000,Ph.D.
FAC-02291,fac_2291,fac.2291@examforge.edu,Computer Science,Professor,9800000000,Ph.D.
FAC-02292,fac_2292,fac.2292@examforge.edu,Computer Science,Professor,9800000000,Ph.D.
FAC-02293,fac_2293,fac.2293@examforge.edu,Computer Science,Professor,9800000000,Ph.D.
FAC-02294,fac_2294,fac.2294@examforge.edu,Computer Science,Professor,9800000000,Ph.D.
FAC-02295,fac_2295,fac.2295@examforge.edu,Computer Science,Professor,9800000000,Ph.D.
FAC-02296,fac_2296,fac.2296@examforge.edu,Computer Science,Professor,9800000000,Ph.D.
FAC-02297,fac_2297,fac.2297@examforge.edu,Computer Science,Professor,9800000000,Ph.D.
FAC-02298,fac_2298,fac.2298@examforge.edu,Computer Science,Professor,9800000000,Ph.D.
FAC-02299,fac_2299,fac.2299@examforge.edu,Computer Science,Professor,9800000000,Ph.D.
FAC-02300,fac_2300,fac.2300@examforge.edu,Computer Science,Professor,9800000000,Ph.D.
FAC-02301,fac_2301,fac.2301@examforge.edu,Computer Science,Professor,9800000000,Ph.D.
FAC-02302,fac_2302,fac.2302@examforge.edu,Computer Science,Professor,9800000000,Ph.D.
FAC-02303,fac_2303,fac.2303@examforge.edu,Computer Science,Professor,9800000000,Ph.D.
FAC-02304,fac_2304,fac.2304@examforge.edu,Computer Science,Professor,9800000000,Ph.D.
FAC-02305,fac_2305,fac.2305@examforge.edu,Computer Science,Professor,9800000000,Ph.D.
FAC-02306,fac_2306,fac.2306@examforge.edu,Computer Science,Professor,9800000000,Ph.D.
FAC-02307,fac_2307,fac.2307@examforge.edu,Computer Science,Professor,9800000000,Ph.D.
FAC-02308,fac_2308,fac.2308@examforge.edu,Computer Science,Professor,9800000000,Ph.D.
FAC-02309,fac_2309,fac.2309@examforge.edu,Computer Science,Professor,9800000000,Ph.D.
FAC-02310,fac_2310,fac.2310@examforge.edu,Computer Science,Professor,9800000000,Ph.D.
FAC-02311,fac_2311,fac.2311@examforge.edu,Computer Science,Professor,9800000000,Ph.D.
FAC-02312,fac_2312,fac.2312@examforge.edu,Computer Science,Professor,9800000000,Ph.D.
FAC-02313,fac_2313,fac.2313@examforge.edu,Computer Science,Professor,9800000000,Ph.D.
FAC-02314,fac_2314,fac.2314@examforge.edu,Computer Science,Professor,9800000000,Ph.D.
FAC-02315,fac_2315,fac.2315@examforge.edu,Computer Science,Professor,9800000000,Ph.D.
FAC-02316,fac_2316,fac.2316@examforge.edu,Computer Science,Professor,9800000000,Ph.D.
FAC-02317,fac_2317,fac.2317@examforge.edu,Computer Science,Professor,9800000000,Ph.D.
FAC-02318,fac_2318,fac.2318@examforge.edu,Computer Science,Professor,9800000000,Ph.D.
FAC-02319,fac_2319,fac.2319@examforge.edu,Computer Science,Professor,9800000000,Ph.D.
FAC-02320,fac_2320,fac.2320@examforge.edu,Computer Science,Professor,9800000000,Ph.D.
FAC-02321,fac_2321,fac.2321@examforge.edu,Computer Science,Professor,9800000000,Ph.D.
FAC-02322,fac_2322,fac.2322@examforge.edu,Computer Science,Professor,9800000000,Ph.D.
FAC-02323,fac_2323,fac.2323@examforge.edu,Computer Science,Professor,9800000000,Ph.D.
FAC-02324,fac_2324,fac.2324@examforge.edu,Computer Science,Professor,9800000000,Ph.D.
FAC-02325,fac_2325,fac.2325@examforge.edu,Computer Science,Professor,9800000000,Ph.D.
FAC-02326,fac_2326,fac.2326@examforge.edu,Computer Science,Professor,9800000000,Ph.D.
FAC-02327,fac_2327,fac.2327@examforge.edu,Computer Science,Professor,9800000000,Ph.D.
FAC-02328,fac_2328,fac.2328@examforge.edu,Computer Science,Professor,9800000000,Ph.D.
FAC-02329,fac_2329,fac.2329@examforge.edu,Computer Science,Professor,9800000000,Ph.D.
FAC-02330,fac_2330,fac.2330@examforge.edu,Computer Science,Professor,9800000000,Ph.D.
FAC-02331,fac_2331,fac.2331@examforge.edu,Computer Science,Professor,9800000000,Ph.D.
FAC-02332,fac_2332,fac.2332@examforge.edu,Computer Science,Professor,9800000000,Ph.D.
FAC-02333,fac_2333,fac.2333@examforge.edu,Computer Science,Professor,9800000000,Ph.D.
FAC-02334,fac_2334,fac.2334@examforge.edu,Computer Science,Professor,9800000000,Ph.D.
FAC-02335,fac_2335,fac.2335@examforge.edu,Computer Science,Professor,9800000000,Ph.D.
FAC-02336,fac_2336,fac.2336@examforge.edu,Computer Science,Professor,9800000000,Ph.D.
FAC-02337,fac_2337,fac.2337@examforge.edu,Computer Science,Professor,9800000000,Ph.D.
FAC-02338,fac_2338,fac.2338@examforge.edu,Computer Science,Professor,9800000000,Ph.D.
FAC-02339,fac_2339,fac.2339@examforge.edu,Computer Science,Professor,9800000000,Ph.D.
FAC-02340,fac_2340,fac.2340@examforge.edu,Computer Science,Professor,9800000000,Ph.D.
FAC-02341,fac_2341,fac.2341@examforge.edu,Computer Science,Professor,9800000000,Ph.D.
FAC-02342,fac_2342,fac.2342@examforge.edu,Computer Science,Professor,9800000000,Ph.D.
FAC-02343,fac_2343,fac.2343@examforge.edu,Computer Science,Professor,9800000000,Ph.D.
FAC-02344,fac_2344,fac.2344@examforge.edu,Computer Science,Professor,9800000000,Ph.D.
FAC-02345,fac_2345,fac.2345@examforge.edu,Computer Science,Professor,9800000000,Ph.D.
FAC-02346,fac_2346,fac.2346@examforge.edu,Computer Science,Professor,9800000000,Ph.D.
FAC-02347,fac_2347,fac.2347@examforge.edu,Computer Science,Professor,9800000000,Ph.D.
FAC-02348,fac_2348,fac.2348@examforge.edu,Computer Science,Professor,9800000000,Ph.D.
FAC-02349,fac_2349,fac.2349@examforge.edu,Computer Science,Professor,9800000000,Ph.D.
FAC-02350,fac_2350,fac.2350@examforge.edu,Computer Science,Professor,9800000000,Ph.D.
FAC-02351,fac_2351,fac.2351@examforge.edu,Computer Science,Professor,9800000000,Ph.D.
FAC-02352,fac_2352,fac.2352@examforge.edu,Computer Science,Professor,9800000000,Ph.D.
FAC-02353,fac_2353,fac.2353@examforge.edu,Computer Science,Professor,9800000000,Ph.D.
FAC-02354,fac_2354,fac.2354@examforge.edu,Computer Science,Professor,9800000000,Ph.D.
FAC-02355,fac_2355,fac.2355@examforge.edu,Computer Science,Professor,9800000000,Ph.D.
FAC-02356,fac_2356,fac.2356@examforge.edu,Computer Science,Professor,9800000000,Ph.D.
FAC-02357,fac_2357,fac.2357@examforge.edu,Computer Science,Professor,9800000000,Ph.D.
FAC-02358,fac_2358,fac.2358@examforge.edu,Computer Science,Professor,9800000000,Ph.D.
FAC-02359,fac_2359,fac.2359@examforge.edu,Computer Science,Professor,9800000000,Ph.D.
FAC-02360,fac_2360,fac.2360@examforge.edu,Computer Science,Professor,9800000000,Ph.D.
FAC-02361,fac_2361,fac.2361@examforge.edu,Computer Science,Professor,9800000000,Ph.D.
FAC-02362,fac_2362,fac.2362@examforge.edu,Computer Science,Professor,9800000000,Ph.D.
FAC-02363,fac_2363,fac.2363@examforge.edu,Computer Science,Professor,9800000000,Ph.D.
FAC-02364,fac_2364,fac.2364@examforge.edu,Computer Science,Professor,9800000000,Ph.D.
FAC-02365,fac_2365,fac.2365@examforge.edu,Computer Science,Professor,9800000000,Ph.D.
FAC-02366,fac_2366,fac.2366@examforge.edu,Computer Science,Professor,9800000000,Ph.D.
FAC-02367,fac_2367,fac.2367@examforge.edu,Computer Science,Professor,9800000000,Ph.D.
FAC-02368,fac_2368,fac.2368@examforge.edu,Computer Science,Professor,9800000000,Ph.D.
FAC-02369,fac_2369,fac.2369@examforge.edu,Computer Science,Professor,9800000000,Ph.D.
FAC-02370,fac_2370,fac.2370@examforge.edu,Computer Science,Professor,9800000000,Ph.D.
FAC-02371,fac_2371,fac.2371@examforge.edu,Computer Science,Professor,9800000000,Ph.D.
FAC-02372,fac_2372,fac.2372@examforge.edu,Computer Science,Professor,9800000000,Ph.D.
FAC-02373,fac_2373,fac.2373@examforge.edu,Computer Science,Professor,9800000000,Ph.D.
FAC-02374,fac_2374,fac.2374@examforge.edu,Computer Science,Professor,9800000000,Ph.D.
FAC-02375,fac_2375,fac.2375@examforge.edu,Computer Science,Professor,9800000000,Ph.D.
FAC-02376,fac_2376,fac.2376@examforge.edu,Computer Science,Professor,9800000000,Ph.D.
FAC-02377,fac_2377,fac.2377@examforge.edu,Computer Science,Professor,9800000000,Ph.D.
FAC-02378,fac_2378,fac.2378@examforge.edu,Computer Science,Professor,9800000000,Ph.D.
FAC-02379,fac_2379,fac.2379@examforge.edu,Computer Science,Professor,9800000000,Ph.D.
FAC-02380,fac_2380,fac.2380@examforge.edu,Computer Science,Professor,9800000000,Ph.D.
FAC-02381,fac_2381,fac.2381@examforge.edu,Computer Science,Professor,9800000000,Ph.D.
FAC-02382,fac_2382,fac.2382@examforge.edu,Computer Science,Professor,9800000000,Ph.D.
FAC-02383,fac_2383,fac.2383@examforge.edu,Computer Science,Professor,9800000000,Ph.D.
FAC-02384,fac_2384,fac.2384@examforge.edu,Computer Science,Professor,9800000000,Ph.D.
FAC-02385,fac_2385,fac.2385@examforge.edu,Computer Science,Professor,9800000000,Ph.D.
FAC-02386,fac_2386,fac.2386@examforge.edu,Computer Science,Professor,9800000000,Ph.D.
FAC-02387,fac_2387,fac.2387@examforge.edu,Computer Science,Professor,9800000000,Ph.D.
FAC-02388,fac_2388,fac.2388@examforge.edu,Computer Science,Professor,9800000000,Ph.D.
FAC-02389,fac_2389,fac.2389@examforge.edu,Computer Science,Professor,9800000000,Ph.D.
FAC-02390,fac_2390,fac.2390@examforge.edu,Computer Science,Professor,9800000000,Ph.D.
FAC-02391,fac_2391,fac.2391@examforge.edu,Computer Science,Professor,9800000000,Ph.D.
FAC-02392,fac_2392,fac.2392@examforge.edu,Computer Science,Professor,9800000000,Ph.D.
FAC-02393,fac_2393,fac.2393@examforge.edu,Computer Science,Professor,9800000000,Ph.D.
FAC-02394,fac_2394,fac.2394@examforge.edu,Computer Science,Professor,9800000000,Ph.D.
FAC-02395,fac_2395,fac.2395@examforge.edu,Computer Science,Professor,9800000000,Ph.D.
FAC-02396,fac_2396,fac.2396@examforge.edu,Computer Science,Professor,9800000000,Ph.D.
FAC-02397,fac_2397,fac.2397@examforge.edu,Computer Science,Professor,9800000000,Ph.D.
FAC-02398,fac_2398,fac.2398@examforge.edu,Computer Science,Professor,9800000000,Ph.D.
FAC-02399,fac_2399,fac.2399@examforge.edu,Computer Science,Professor,9800000000,Ph.D.
FAC-02400,fac_2400,fac.2400@examforge.edu,Computer Science,Professor,9800000000,Ph.D.
FAC-02401,fac_2401,fac.2401@examforge.edu,Computer Science,Professor,9800000000,Ph.D.
FAC-02402,fac_2402,fac.2402@examforge.edu,Computer Science,Professor,9800000000,Ph.D.
FAC-02403,fac_2403,fac.2403@examforge.edu,Computer Science,Professor,9800000000,Ph.D.
FAC-02404,fac_2404,fac.2404@examforge.edu,Computer Science,Professor,9800000000,Ph.D.
FAC-02405,fac_2405,fac.2405@examforge.edu,Computer Science,Professor,9800000000,Ph.D.
FAC-02406,fac_2406,fac.2406@examforge.edu,Computer Science,Professor,9800000000,Ph.D.
FAC-02407,fac_2407,fac.2407@examforge.edu,Computer Science,Professor,9800000000,Ph.D.
FAC-02408,fac_2408,fac.2408@examforge.edu,Computer Science,Professor,9800000000,Ph.D.
FAC-02409,fac_2409,fac.2409@examforge.edu,Computer Science,Professor,9800000000,Ph.D.
FAC-02410,fac_2410,fac.2410@examforge.edu,Computer Science,Professor,9800000000,Ph.D.
FAC-02411,fac_2411,fac.2411@examforge.edu,Computer Science,Professor,9800000000,Ph.D.
FAC-02412,fac_2412,fac.2412@examforge.edu,Computer Science,Professor,9800000000,Ph.D.
FAC-02413,fac_2413,fac.2413@examforge.edu,Computer Science,Professor,9800000000,Ph.D.
FAC-02414,fac_2414,fac.2414@examforge.edu,Computer Science,Professor,9800000000,Ph.D.
FAC-02415,fac_2415,fac.2415@examforge.edu,Computer Science,Professor,9800000000,Ph.D.
FAC-02416,fac_2416,fac.2416@examforge.edu,Computer Science,Professor,9800000000,Ph.D.
FAC-02417,fac_2417,fac.2417@examforge.edu,Computer Science,Professor,9800000000,Ph.D.
FAC-02418,fac_2418,fac.2418@examforge.edu,Computer Science,Professor,9800000000,Ph.D.
FAC-02419,fac_2419,fac.2419@examforge.edu,Computer Science,Professor,9800000000,Ph.D.
FAC-02420,fac_2420,fac.2420@examforge.edu,Computer Science,Professor,9800000000,Ph.D.
FAC-02421,fac_2421,fac.2421@examforge.edu,Computer Science,Professor,9800000000,Ph.D.
FAC-02422,fac_2422,fac.2422@examforge.edu,Computer Science,Professor,9800000000,Ph.D.
FAC-02423,fac_2423,fac.2423@examforge.edu,Computer Science,Professor,9800000000,Ph.D.
FAC-02424,fac_2424,fac.2424@examforge.edu,Computer Science,Professor,9800000000,Ph.D.
FAC-02425,fac_2425,fac.2425@examforge.edu,Computer Science,Professor,9800000000,Ph.D.
FAC-02426,fac_2426,fac.2426@examforge.edu,Computer Science,Professor,9800000000,Ph.D.
FAC-02427,fac_2427,fac.2427@examforge.edu,Computer Science,Professor,9800000000,Ph.D.
FAC-02428,fac_2428,fac.2428@examforge.edu,Computer Science,Professor,9800000000,Ph.D.
FAC-02429,fac_2429,fac.2429@examforge.edu,Computer Science,Professor,9800000000,Ph.D.
FAC-02430,fac_2430,fac.2430@examforge.edu,Computer Science,Professor,9800000000,Ph.D.
FAC-02431,fac_2431,fac.2431@examforge.edu,Computer Science,Professor,9800000000,Ph.D.
FAC-02432,fac_2432,fac.2432@examforge.edu,Computer Science,Professor,9800000000,Ph.D.
FAC-02433,fac_2433,fac.2433@examforge.edu,Computer Science,Professor,9800000000,Ph.D.
FAC-02434,fac_2434,fac.2434@examforge.edu,Computer Science,Professor,9800000000,Ph.D.
FAC-02435,fac_2435,fac.2435@examforge.edu,Computer Science,Professor,9800000000,Ph.D.
FAC-02436,fac_2436,fac.2436@examforge.edu,Computer Science,Professor,9800000000,Ph.D.
FAC-02437,fac_2437,fac.2437@examforge.edu,Computer Science,Professor,9800000000,Ph.D.
FAC-02438,fac_2438,fac.2438@examforge.edu,Computer Science,Professor,9800000000,Ph.D.
FAC-02439,fac_2439,fac.2439@examforge.edu,Computer Science,Professor,9800000000,Ph.D.
FAC-02440,fac_2440,fac.2440@examforge.edu,Computer Science,Professor,9800000000,Ph.D.
FAC-02441,fac_2441,fac.2441@examforge.edu,Computer Science,Professor,9800000000,Ph.D.
FAC-02442,fac_2442,fac.2442@examforge.edu,Computer Science,Professor,9800000000,Ph.D.
FAC-02443,fac_2443,fac.2443@examforge.edu,Computer Science,Professor,9800000000,Ph.D.
FAC-02444,fac_2444,fac.2444@examforge.edu,Computer Science,Professor,9800000000,Ph.D.
FAC-02445,fac_2445,fac.2445@examforge.edu,Computer Science,Professor,9800000000,Ph.D.
FAC-02446,fac_2446,fac.2446@examforge.edu,Computer Science,Professor,9800000000,Ph.D.
FAC-02447,fac_2447,fac.2447@examforge.edu,Computer Science,Professor,9800000000,Ph.D.
FAC-02448,fac_2448,fac.2448@examforge.edu,Computer Science,Professor,9800000000,Ph.D.
FAC-02449,fac_2449,fac.2449@examforge.edu,Computer Science,Professor,9800000000,Ph.D.
FAC-02450,fac_2450,fac.2450@examforge.edu,Computer Science,Professor,9800000000,Ph.D.
FAC-02451,fac_2451,fac.2451@examforge.edu,Computer Science,Professor,9800000000,Ph.D.
FAC-02452,fac_2452,fac.2452@examforge.edu,Computer Science,Professor,9800000000,Ph.D.
FAC-02453,fac_2453,fac.2453@examforge.edu,Computer Science,Professor,9800000000,Ph.D.
FAC-02454,fac_2454,fac.2454@examforge.edu,Computer Science,Professor,9800000000,Ph.D.
FAC-02455,fac_2455,fac.2455@examforge.edu,Computer Science,Professor,9800000000,Ph.D.
FAC-02456,fac_2456,fac.2456@examforge.edu,Computer Science,Professor,9800000000,Ph.D.
FAC-02457,fac_2457,fac.2457@examforge.edu,Computer Science,Professor,9800000000,Ph.D.
FAC-02458,fac_2458,fac.2458@examforge.edu,Computer Science,Professor,9800000000,Ph.D.
FAC-02459,fac_2459,fac.2459@examforge.edu,Computer Science,Professor,9800000000,Ph.D.
FAC-02460,fac_2460,fac.2460@examforge.edu,Computer Science,Professor,9800000000,Ph.D.
FAC-02461,fac_2461,fac.2461@examforge.edu,Computer Science,Professor,9800000000,Ph.D.
FAC-02462,fac_2462,fac.2462@examforge.edu,Computer Science,Professor,9800000000,Ph.D.
FAC-02463,fac_2463,fac.2463@examforge.edu,Computer Science,Professor,9800000000,Ph.D.
FAC-02464,fac_2464,fac.2464@examforge.edu,Computer Science,Professor,9800000000,Ph.D.
FAC-02465,fac_2465,fac.2465@examforge.edu,Computer Science,Professor,9800000000,Ph.D.
FAC-02466,fac_2466,fac.2466@examforge.edu,Computer Science,Professor,9800000000,Ph.D.
FAC-02467,fac_2467,fac.2467@examforge.edu,Computer Science,Professor,9800000000,Ph.D.
FAC-02468,fac_2468,fac.2468@examforge.edu,Computer Science,Professor,9800000000,Ph.D.
FAC-02469,fac_2469,fac.2469@examforge.edu,Computer Science,Professor,9800000000,Ph.D.
FAC-02470,fac_2470,fac.2470@examforge.edu,Computer Science,Professor,9800000000,Ph.D.
FAC-02471,fac_2471,fac.2471@examforge.edu,Computer Science,Professor,9800000000,Ph.D.
FAC-02472,fac_2472,fac.2472@examforge.edu,Computer Science,Professor,9800000000,Ph.D.
FAC-02473,fac_2473,fac.2473@examforge.edu,Computer Science,Professor,9800000000,Ph.D.
FAC-02474,fac_2474,fac.2474@examforge.edu,Computer Science,Professor,9800000000,Ph.D.
FAC-02475,fac_2475,fac.2475@examforge.edu,Computer Science,Professor,9800000000,Ph.D.
FAC-02476,fac_2476,fac.2476@examforge.edu,Computer Science,Professor,9800000000,Ph.D.
FAC-02477,fac_2477,fac.2477@examforge.edu,Computer Science,Professor,9800000000,Ph.D.
FAC-02478,fac_2478,fac.2478@examforge.edu,Computer Science,Professor,9800000000,Ph.D.
FAC-02479,fac_2479,fac.2479@examforge.edu,Computer Science,Professor,9800000000,Ph.D.
FAC-02480,fac_2480,fac.2480@examforge.edu,Computer Science,Professor,9800000000,Ph.D.
FAC-02481,fac_2481,fac.2481@examforge.edu,Computer Science,Professor,9800000000,Ph.D.
FAC-02482,fac_2482,fac.2482@examforge.edu,Computer Science,Professor,9800000000,Ph.D.
FAC-02483,fac_2483,fac.2483@examforge.edu,Computer Science,Professor,9800000000,Ph.D.
FAC-02484,fac_2484,fac.2484@examforge.edu,Computer Science,Professor,9800000000,Ph.D.
FAC-02485,fac_2485,fac.2485@examforge.edu,Computer Science,Professor,9800000000,Ph.D.
FAC-02486,fac_2486,fac.2486@examforge.edu,Computer Science,Professor,9800000000,Ph.D.
FAC-02487,fac_2487,fac.2487@examforge.edu,Computer Science,Professor,9800000000,Ph.D.
FAC-02488,fac_2488,fac.2488@examforge.edu,Computer Science,Professor,9800000000,Ph.D.
FAC-02489,fac_2489,fac.2489@examforge.edu,Computer Science,Professor,9800000000,Ph.D.
FAC-02490,fac_2490,fac.2490@examforge.edu,Computer Science,Professor,9800000000,Ph.D.
FAC-02491,fac_2491,fac.2491@examforge.edu,Computer Science,Professor,9800000000,Ph.D.
FAC-02492,fac_2492,fac.2492@examforge.edu,Computer Science,Professor,9800000000,Ph.D.
FAC-02493,fac_2493,fac.2493@examforge.edu,Computer Science,Professor,9800000000,Ph.D.
FAC-02494,fac_2494,fac.2494@examforge.edu,Computer Science,Professor,9800000000,Ph.D.
FAC-02495,fac_2495,fac.2495@examforge.edu,Computer Science,Professor,9800000000,Ph.D.
FAC-02496,fac_2496,fac.2496@examforge.edu,Computer Science,Professor,9800000000,Ph.D.
FAC-02497,fac_2497,fac.2497@examforge.edu,Computer Science,Professor,9800000000,Ph.D.
FAC-02498,fac_2498,fac.2498@examforge.edu,Computer Science,Professor,9800000000,Ph.D.
FAC-02499,fac_2499,fac.2499@examforge.edu,Computer Science,Professor,9800000000,Ph.D.
FAC-02500,fac_2500,fac.2500@examforge.edu,Computer Science,Professor,9800000000,Ph.D.
FAC-02501,fac_2501,fac.2501@examforge.edu,Computer Science,Professor,9800000000,Ph.D.
FAC-02502,fac_2502,fac.2502@examforge.edu,Computer Science,Professor,9800000000,Ph.D.
FAC-02503,fac_2503,fac.2503@examforge.edu,Computer Science,Professor,9800000000,Ph.D.
FAC-02504,fac_2504,fac.2504@examforge.edu,Computer Science,Professor,9800000000,Ph.D.
FAC-02505,fac_2505,fac.2505@examforge.edu,Computer Science,Professor,9800000000,Ph.D.
FAC-02506,fac_2506,fac.2506@examforge.edu,Computer Science,Professor,9800000000,Ph.D.
FAC-02507,fac_2507,fac.2507@examforge.edu,Computer Science,Professor,9800000000,Ph.D.
FAC-02508,fac_2508,fac.2508@examforge.edu,Computer Science,Professor,9800000000,Ph.D.
FAC-02509,fac_2509,fac.2509@examforge.edu,Computer Science,Professor,9800000000,Ph.D.
FAC-02510,fac_2510,fac.2510@examforge.edu,Computer Science,Professor,9800000000,Ph.D.
FAC-02511,fac_2511,fac.2511@examforge.edu,Computer Science,Professor,9800000000,Ph.D.
FAC-02512,fac_2512,fac.2512@examforge.edu,Computer Science,Professor,9800000000,Ph.D.
FAC-02513,fac_2513,fac.2513@examforge.edu,Computer Science,Professor,9800000000,Ph.D.
FAC-02514,fac_2514,fac.2514@examforge.edu,Computer Science,Professor,9800000000,Ph.D.
FAC-02515,fac_2515,fac.2515@examforge.edu,Computer Science,Professor,9800000000,Ph.D.
FAC-02516,fac_2516,fac.2516@examforge.edu,Computer Science,Professor,9800000000,Ph.D.
FAC-02517,fac_2517,fac.2517@examforge.edu,Computer Science,Professor,9800000000,Ph.D.
FAC-02518,fac_2518,fac.2518@examforge.edu,Computer Science,Professor,9800000000,Ph.D.
FAC-02519,fac_2519,fac.2519@examforge.edu,Computer Science,Professor,9800000000,Ph.D.
FAC-02520,fac_2520,fac.2520@examforge.edu,Computer Science,Professor,9800000000,Ph.D.
FAC-02521,fac_2521,fac.2521@examforge.edu,Computer Science,Professor,9800000000,Ph.D.
FAC-02522,fac_2522,fac.2522@examforge.edu,Computer Science,Professor,9800000000,Ph.D.
FAC-02523,fac_2523,fac.2523@examforge.edu,Computer Science,Professor,9800000000,Ph.D.
FAC-02524,fac_2524,fac.2524@examforge.edu,Computer Science,Professor,9800000000,Ph.D.
FAC-02525,fac_2525,fac.2525@examforge.edu,Computer Science,Professor,9800000000,Ph.D.
FAC-02526,fac_2526,fac.2526@examforge.edu,Computer Science,Professor,9800000000,Ph.D.
FAC-02527,fac_2527,fac.2527@examforge.edu,Computer Science,Professor,9800000000,Ph.D.
FAC-02528,fac_2528,fac.2528@examforge.edu,Computer Science,Professor,9800000000,Ph.D.
FAC-02529,fac_2529,fac.2529@examforge.edu,Computer Science,Professor,9800000000,Ph.D.
FAC-02530,fac_2530,fac.2530@examforge.edu,Computer Science,Professor,9800000000,Ph.D.
FAC-02531,fac_2531,fac.2531@examforge.edu,Computer Science,Professor,9800000000,Ph.D.
FAC-02532,fac_2532,fac.2532@examforge.edu,Computer Science,Professor,9800000000,Ph.D.
FAC-02533,fac_2533,fac.2533@examforge.edu,Computer Science,Professor,9800000000,Ph.D.
FAC-02534,fac_2534,fac.2534@examforge.edu,Computer Science,Professor,9800000000,Ph.D.
FAC-02535,fac_2535,fac.2535@examforge.edu,Computer Science,Professor,9800000000,Ph.D.
FAC-02536,fac_2536,fac.2536@examforge.edu,Computer Science,Professor,9800000000,Ph.D.
FAC-02537,fac_2537,fac.2537@examforge.edu,Computer Science,Professor,9800000000,Ph.D.
FAC-02538,fac_2538,fac.2538@examforge.edu,Computer Science,Professor,9800000000,Ph.D.
FAC-02539,fac_2539,fac.2539@examforge.edu,Computer Science,Professor,9800000000,Ph.D.
FAC-02540,fac_2540,fac.2540@examforge.edu,Computer Science,Professor,9800000000,Ph.D.
FAC-02541,fac_2541,fac.2541@examforge.edu,Computer Science,Professor,9800000000,Ph.D.
FAC-02542,fac_2542,fac.2542@examforge.edu,Computer Science,Professor,9800000000,Ph.D.
FAC-02543,fac_2543,fac.2543@examforge.edu,Computer Science,Professor,9800000000,Ph.D.
FAC-02544,fac_2544,fac.2544@examforge.edu,Computer Science,Professor,9800000000,Ph.D.
FAC-02545,fac_2545,fac.2545@examforge.edu,Computer Science,Professor,9800000000,Ph.D.
FAC-02546,fac_2546,fac.2546@examforge.edu,Computer Science,Professor,9800000000,Ph.D.
FAC-02547,fac_2547,fac.2547@examforge.edu,Computer Science,Professor,9800000000,Ph.D.
FAC-02548,fac_2548,fac.2548@examforge.edu,Computer Science,Professor,9800000000,Ph.D.
FAC-02549,fac_2549,fac.2549@examforge.edu,Computer Science,Professor,9800000000,Ph.D.
FAC-02550,fac_2550,fac.2550@examforge.edu,Computer Science,Professor,9800000000,Ph.D.
FAC-02551,fac_2551,fac.2551@examforge.edu,Computer Science,Professor,9800000000,Ph.D.
FAC-02552,fac_2552,fac.2552@examforge.edu,Computer Science,Professor,9800000000,Ph.D.
FAC-02553,fac_2553,fac.2553@examforge.edu,Computer Science,Professor,9800000000,Ph.D.
FAC-02554,fac_2554,fac.2554@examforge.edu,Computer Science,Professor,9800000000,Ph.D.
FAC-02555,fac_2555,fac.2555@examforge.edu,Computer Science,Professor,9800000000,Ph.D.
FAC-02556,fac_2556,fac.2556@examforge.edu,Computer Science,Professor,9800000000,Ph.D.
FAC-02557,fac_2557,fac.2557@examforge.edu,Computer Science,Professor,9800000000,Ph.D.
FAC-02558,fac_2558,fac.2558@examforge.edu,Computer Science,Professor,9800000000,Ph.D.
FAC-02559,fac_2559,fac.2559@examforge.edu,Computer Science,Professor,9800000000,Ph.D.
FAC-02560,fac_2560,fac.2560@examforge.edu,Computer Science,Professor,9800000000,Ph.D.
FAC-02561,fac_2561,fac.2561@examforge.edu,Computer Science,Professor,9800000000,Ph.D.
FAC-02562,fac_2562,fac.2562@examforge.edu,Computer Science,Professor,9800000000,Ph.D.
FAC-02563,fac_2563,fac.2563@examforge.edu,Computer Science,Professor,9800000000,Ph.D.
FAC-02564,fac_2564,fac.2564@examforge.edu,Computer Science,Professor,9800000000,Ph.D.
FAC-02565,fac_2565,fac.2565@examforge.edu,Computer Science,Professor,9800000000,Ph.D.
FAC-02566,fac_2566,fac.2566@examforge.edu,Computer Science,Professor,9800000000,Ph.D.
FAC-02567,fac_2567,fac.2567@examforge.edu,Computer Science,Professor,9800000000,Ph.D.
FAC-02568,fac_2568,fac.2568@examforge.edu,Computer Science,Professor,9800000000,Ph.D.
FAC-02569,fac_2569,fac.2569@examforge.edu,Computer Science,Professor,9800000000,Ph.D.
FAC-02570,fac_2570,fac.2570@examforge.edu,Computer Science,Professor,9800000000,Ph.D.
FAC-02571,fac_2571,fac.2571@examforge.edu,Computer Science,Professor,9800000000,Ph.D.
FAC-02572,fac_2572,fac.2572@examforge.edu,Computer Science,Professor,9800000000,Ph.D.
FAC-02573,fac_2573,fac.2573@examforge.edu,Computer Science,Professor,9800000000,Ph.D.
FAC-02574,fac_2574,fac.2574@examforge.edu,Computer Science,Professor,9800000000,Ph.D.
FAC-02575,fac_2575,fac.2575@examforge.edu,Computer Science,Professor,9800000000,Ph.D.
FAC-02576,fac_2576,fac.2576@examforge.edu,Computer Science,Professor,9800000000,Ph.D.
FAC-02577,fac_2577,fac.2577@examforge.edu,Computer Science,Professor,9800000000,Ph.D.
FAC-02578,fac_2578,fac.2578@examforge.edu,Computer Science,Professor,9800000000,Ph.D.
FAC-02579,fac_2579,fac.2579@examforge.edu,Computer Science,Professor,9800000000,Ph.D.
FAC-02580,fac_2580,fac.2580@examforge.edu,Computer Science,Professor,9800000000,Ph.D.
FAC-02581,fac_2581,fac.2581@examforge.edu,Computer Science,Professor,9800000000,Ph.D.
FAC-02582,fac_2582,fac.2582@examforge.edu,Computer Science,Professor,9800000000,Ph.D.
FAC-02583,fac_2583,fac.2583@examforge.edu,Computer Science,Professor,9800000000,Ph.D.
FAC-02584,fac_2584,fac.2584@examforge.edu,Computer Science,Professor,9800000000,Ph.D.
FAC-02585,fac_2585,fac.2585@examforge.edu,Computer Science,Professor,9800000000,Ph.D.
FAC-02586,fac_2586,fac.2586@examforge.edu,Computer Science,Professor,9800000000,Ph.D.
FAC-02587,fac_2587,fac.2587@examforge.edu,Computer Science,Professor,9800000000,Ph.D.
FAC-02588,fac_2588,fac.2588@examforge.edu,Computer Science,Professor,9800000000,Ph.D.
FAC-02589,fac_2589,fac.2589@examforge.edu,Computer Science,Professor,9800000000,Ph.D.
FAC-02590,fac_2590,fac.2590@examforge.edu,Computer Science,Professor,9800000000,Ph.D.
FAC-02591,fac_2591,fac.2591@examforge.edu,Computer Science,Professor,9800000000,Ph.D.
FAC-02592,fac_2592,fac.2592@examforge.edu,Computer Science,Professor,9800000000,Ph.D.
FAC-02593,fac_2593,fac.2593@examforge.edu,Computer Science,Professor,9800000000,Ph.D.
FAC-02594,fac_2594,fac.2594@examforge.edu,Computer Science,Professor,9800000000,Ph.D.
FAC-02595,fac_2595,fac.2595@examforge.edu,Computer Science,Professor,9800000000,Ph.D.
FAC-02596,fac_2596,fac.2596@examforge.edu,Computer Science,Professor,9800000000,Ph.D.
FAC-02597,fac_2597,fac.2597@examforge.edu,Computer Science,Professor,9800000000,Ph.D.
FAC-02598,fac_2598,fac.2598@examforge.edu,Computer Science,Professor,9800000000,Ph.D.
FAC-02599,fac_2599,fac.2599@examforge.edu,Computer Science,Professor,9800000000,Ph.D.
FAC-02600,fac_2600,fac.2600@examforge.edu,Computer Science,Professor,9800000000,Ph.D.
FAC-02601,fac_2601,fac.2601@examforge.edu,Computer Science,Professor,9800000000,Ph.D.
FAC-02602,fac_2602,fac.2602@examforge.edu,Computer Science,Professor,9800000000,Ph.D.
FAC-02603,fac_2603,fac.2603@examforge.edu,Computer Science,Professor,9800000000,Ph.D.
FAC-02604,fac_2604,fac.2604@examforge.edu,Computer Science,Professor,9800000000,Ph.D.
FAC-02605,fac_2605,fac.2605@examforge.edu,Computer Science,Professor,9800000000,Ph.D.
FAC-02606,fac_2606,fac.2606@examforge.edu,Computer Science,Professor,9800000000,Ph.D.
FAC-02607,fac_2607,fac.2607@examforge.edu,Computer Science,Professor,9800000000,Ph.D.
FAC-02608,fac_2608,fac.2608@examforge.edu,Computer Science,Professor,9800000000,Ph.D.
FAC-02609,fac_2609,fac.2609@examforge.edu,Computer Science,Professor,9800000000,Ph.D.
FAC-02610,fac_2610,fac.2610@examforge.edu,Computer Science,Professor,9800000000,Ph.D.
FAC-02611,fac_2611,fac.2611@examforge.edu,Computer Science,Professor,9800000000,Ph.D.
FAC-02612,fac_2612,fac.2612@examforge.edu,Computer Science,Professor,9800000000,Ph.D.
FAC-02613,fac_2613,fac.2613@examforge.edu,Computer Science,Professor,9800000000,Ph.D.
FAC-02614,fac_2614,fac.2614@examforge.edu,Computer Science,Professor,9800000000,Ph.D.
FAC-02615,fac_2615,fac.2615@examforge.edu,Computer Science,Professor,9800000000,Ph.D.
FAC-02616,fac_2616,fac.2616@examforge.edu,Computer Science,Professor,9800000000,Ph.D.
FAC-02617,fac_2617,fac.2617@examforge.edu,Computer Science,Professor,9800000000,Ph.D.
FAC-02618,fac_2618,fac.2618@examforge.edu,Computer Science,Professor,9800000000,Ph.D.
FAC-02619,fac_2619,fac.2619@examforge.edu,Computer Science,Professor,9800000000,Ph.D.
FAC-02620,fac_2620,fac.2620@examforge.edu,Computer Science,Professor,9800000000,Ph.D.
FAC-02621,fac_2621,fac.2621@examforge.edu,Computer Science,Professor,9800000000,Ph.D.
FAC-02622,fac_2622,fac.2622@examforge.edu,Computer Science,Professor,9800000000,Ph.D.
FAC-02623,fac_2623,fac.2623@examforge.edu,Computer Science,Professor,9800000000,Ph.D.
FAC-02624,fac_2624,fac.2624@examforge.edu,Computer Science,Professor,9800000000,Ph.D.
FAC-02625,fac_2625,fac.2625@examforge.edu,Computer Science,Professor,9800000000,Ph.D.
FAC-02626,fac_2626,fac.2626@examforge.edu,Computer Science,Professor,9800000000,Ph.D.
FAC-02627,fac_2627,fac.2627@examforge.edu,Computer Science,Professor,9800000000,Ph.D.
FAC-02628,fac_2628,fac.2628@examforge.edu,Computer Science,Professor,9800000000,Ph.D.
FAC-02629,fac_2629,fac.2629@examforge.edu,Computer Science,Professor,9800000000,Ph.D.
FAC-02630,fac_2630,fac.2630@examforge.edu,Computer Science,Professor,9800000000,Ph.D.
FAC-02631,fac_2631,fac.2631@examforge.edu,Computer Science,Professor,9800000000,Ph.D.
FAC-02632,fac_2632,fac.2632@examforge.edu,Computer Science,Professor,9800000000,Ph.D.
FAC-02633,fac_2633,fac.2633@examforge.edu,Computer Science,Professor,9800000000,Ph.D.
FAC-02634,fac_2634,fac.2634@examforge.edu,Computer Science,Professor,9800000000,Ph.D.
FAC-02635,fac_2635,fac.2635@examforge.edu,Computer Science,Professor,9800000000,Ph.D.
FAC-02636,fac_2636,fac.2636@examforge.edu,Computer Science,Professor,9800000000,Ph.D.
FAC-02637,fac_2637,fac.2637@examforge.edu,Computer Science,Professor,9800000000,Ph.D.
FAC-02638,fac_2638,fac.2638@examforge.edu,Computer Science,Professor,9800000000,Ph.D.
FAC-02639,fac_2639,fac.2639@examforge.edu,Computer Science,Professor,9800000000,Ph.D.
FAC-02640,fac_2640,fac.2640@examforge.edu,Computer Science,Professor,9800000000,Ph.D.
FAC-02641,fac_2641,fac.2641@examforge.edu,Computer Science,Professor,9800000000,Ph.D.
FAC-02642,fac_2642,fac.2642@examforge.edu,Computer Science,Professor,9800000000,Ph.D.
FAC-02643,fac_2643,fac.2643@examforge.edu,Computer Science,Professor,9800000000,Ph.D.
FAC-02644,fac_2644,fac.2644@examforge.edu,Computer Science,Professor,9800000000,Ph.D.
FAC-02645,fac_2645,fac.2645@examforge.edu,Computer Science,Professor,9800000000,Ph.D.
FAC-02646,fac_2646,fac.2646@examforge.edu,Computer Science,Professor,9800000000,Ph.D.
FAC-02647,fac_2647,fac.2647@examforge.edu,Computer Science,Professor,9800000000,Ph.D.
FAC-02648,fac_2648,fac.2648@examforge.edu,Computer Science,Professor,9800000000,Ph.D.
FAC-02649,fac_2649,fac.2649@examforge.edu,Computer Science,Professor,9800000000,Ph.D.
FAC-02650,fac_2650,fac.2650@examforge.edu,Computer Science,Professor,9800000000,Ph.D.
FAC-02651,fac_2651,fac.2651@examforge.edu,Computer Science,Professor,9800000000,Ph.D.
FAC-02652,fac_2652,fac.2652@examforge.edu,Computer Science,Professor,9800000000,Ph.D.
FAC-02653,fac_2653,fac.2653@examforge.edu,Computer Science,Professor,9800000000,Ph.D.
FAC-02654,fac_2654,fac.2654@examforge.edu,Computer Science,Professor,9800000000,Ph.D.
FAC-02655,fac_2655,fac.2655@examforge.edu,Computer Science,Professor,9800000000,Ph.D.
FAC-02656,fac_2656,fac.2656@examforge.edu,Computer Science,Professor,9800000000,Ph.D.
FAC-02657,fac_2657,fac.2657@examforge.edu,Computer Science,Professor,9800000000,Ph.D.
FAC-02658,fac_2658,fac.2658@examforge.edu,Computer Science,Professor,9800000000,Ph.D.
FAC-02659,fac_2659,fac.2659@examforge.edu,Computer Science,Professor,9800000000,Ph.D.
FAC-02660,fac_2660,fac.2660@examforge.edu,Computer Science,Professor,9800000000,Ph.D.
FAC-02661,fac_2661,fac.2661@examforge.edu,Computer Science,Professor,9800000000,Ph.D.
FAC-02662,fac_2662,fac.2662@examforge.edu,Computer Science,Professor,9800000000,Ph.D.
FAC-02663,fac_2663,fac.2663@examforge.edu,Computer Science,Professor,9800000000,Ph.D.
FAC-02664,fac_2664,fac.2664@examforge.edu,Computer Science,Professor,9800000000,Ph.D.
FAC-02665,fac_2665,fac.2665@examforge.edu,Computer Science,Professor,9800000000,Ph.D.
FAC-02666,fac_2666,fac.2666@examforge.edu,Computer Science,Professor,9800000000,Ph.D.
FAC-02667,fac_2667,fac.2667@examforge.edu,Computer Science,Professor,9800000000,Ph.D.
FAC-02668,fac_2668,fac.2668@examforge.edu,Computer Science,Professor,9800000000,Ph.D.
FAC-02669,fac_2669,fac.2669@examforge.edu,Computer Science,Professor,9800000000,Ph.D.
FAC-02670,fac_2670,fac.2670@examforge.edu,Computer Science,Professor,9800000000,Ph.D.
FAC-02671,fac_2671,fac.2671@examforge.edu,Computer Science,Professor,9800000000,Ph.D.
FAC-02672,fac_2672,fac.2672@examforge.edu,Computer Science,Professor,9800000000,Ph.D.
FAC-02673,fac_2673,fac.2673@examforge.edu,Computer Science,Professor,9800000000,Ph.D.
FAC-02674,fac_2674,fac.2674@examforge.edu,Computer Science,Professor,9800000000,Ph.D.
FAC-02675,fac_2675,fac.2675@examforge.edu,Computer Science,Professor,9800000000,Ph.D.
FAC-02676,fac_2676,fac.2676@examforge.edu,Computer Science,Professor,9800000000,Ph.D.
FAC-02677,fac_2677,fac.2677@examforge.edu,Computer Science,Professor,9800000000,Ph.D.
FAC-02678,fac_2678,fac.2678@examforge.edu,Computer Science,Professor,9800000000,Ph.D.
FAC-02679,fac_2679,fac.2679@examforge.edu,Computer Science,Professor,9800000000,Ph.D.
FAC-02680,fac_2680,fac.2680@examforge.edu,Computer Science,Professor,9800000000,Ph.D.
FAC-02681,fac_2681,fac.2681@examforge.edu,Computer Science,Professor,9800000000,Ph.D.
FAC-02682,fac_2682,fac.2682@examforge.edu,Computer Science,Professor,9800000000,Ph.D.
FAC-02683,fac_2683,fac.2683@examforge.edu,Computer Science,Professor,9800000000,Ph.D.
FAC-02684,fac_2684,fac.2684@examforge.edu,Computer Science,Professor,9800000000,Ph.D.
FAC-02685,fac_2685,fac.2685@examforge.edu,Computer Science,Professor,9800000000,Ph.D.
FAC-02686,fac_2686,fac.2686@examforge.edu,Computer Science,Professor,9800000000,Ph.D.
FAC-02687,fac_2687,fac.2687@examforge.edu,Computer Science,Professor,9800000000,Ph.D.
FAC-02688,fac_2688,fac.2688@examforge.edu,Computer Science,Professor,9800000000,Ph.D.
FAC-02689,fac_2689,fac.2689@examforge.edu,Computer Science,Professor,9800000000,Ph.D.
FAC-02690,fac_2690,fac.2690@examforge.edu,Computer Science,Professor,9800000000,Ph.D.
FAC-02691,fac_2691,fac.2691@examforge.edu,Computer Science,Professor,9800000000,Ph.D.
FAC-02692,fac_2692,fac.2692@examforge.edu,Computer Science,Professor,9800000000,Ph.D.
FAC-02693,fac_2693,fac.2693@examforge.edu,Computer Science,Professor,9800000000,Ph.D.
FAC-02694,fac_2694,fac.2694@examforge.edu,Computer Science,Professor,9800000000,Ph.D.
FAC-02695,fac_2695,fac.2695@examforge.edu,Computer Science,Professor,9800000000,Ph.D.
FAC-02696,fac_2696,fac.2696@examforge.edu,Computer Science,Professor,9800000000,Ph.D.
FAC-02697,fac_2697,fac.2697@examforge.edu,Computer Science,Professor,9800000000,Ph.D.
FAC-02698,fac_2698,fac.2698@examforge.edu,Computer Science,Professor,9800000000,Ph.D.
FAC-02699,fac_2699,fac.2699@examforge.edu,Computer Science,Professor,9800000000,Ph.D.
FAC-02700,fac_2700,fac.2700@examforge.edu,Computer Science,Professor,9800000000,Ph.D.
FAC-02701,fac_2701,fac.2701@examforge.edu,Computer Science,Professor,9800000000,Ph.D.
FAC-02702,fac_2702,fac.2702@examforge.edu,Computer Science,Professor,9800000000,Ph.D.
FAC-02703,fac_2703,fac.2703@examforge.edu,Computer Science,Professor,9800000000,Ph.D.
FAC-02704,fac_2704,fac.2704@examforge.edu,Computer Science,Professor,9800000000,Ph.D.
FAC-02705,fac_2705,fac.2705@examforge.edu,Computer Science,Professor,9800000000,Ph.D.
FAC-02706,fac_2706,fac.2706@examforge.edu,Computer Science,Professor,9800000000,Ph.D.
FAC-02707,fac_2707,fac.2707@examforge.edu,Computer Science,Professor,9800000000,Ph.D.
FAC-02708,fac_2708,fac.2708@examforge.edu,Computer Science,Professor,9800000000,Ph.D.
FAC-02709,fac_2709,fac.2709@examforge.edu,Computer Science,Professor,9800000000,Ph.D.
FAC-02710,fac_2710,fac.2710@examforge.edu,Computer Science,Professor,9800000000,Ph.D.
FAC-02711,fac_2711,fac.2711@examforge.edu,Computer Science,Professor,9800000000,Ph.D.
FAC-02712,fac_2712,fac.2712@examforge.edu,Computer Science,Professor,9800000000,Ph.D.
FAC-02713,fac_2713,fac.2713@examforge.edu,Computer Science,Professor,9800000000,Ph.D.
FAC-02714,fac_2714,fac.2714@examforge.edu,Computer Science,Professor,9800000000,Ph.D.
FAC-02715,fac_2715,fac.2715@examforge.edu,Computer Science,Professor,9800000000,Ph.D.
FAC-02716,fac_2716,fac.2716@examforge.edu,Computer Science,Professor,9800000000,Ph.D.
FAC-02717,fac_2717,fac.2717@examforge.edu,Computer Science,Professor,9800000000,Ph.D.
FAC-02718,fac_2718,fac.2718@examforge.edu,Computer Science,Professor,9800000000,Ph.D.
FAC-02719,fac_2719,fac.2719@examforge.edu,Computer Science,Professor,9800000000,Ph.D.
FAC-02720,fac_2720,fac.2720@examforge.edu,Computer Science,Professor,9800000000,Ph.D.
FAC-02721,fac_2721,fac.2721@examforge.edu,Computer Science,Professor,9800000000,Ph.D.
FAC-02722,fac_2722,fac.2722@examforge.edu,Computer Science,Professor,9800000000,Ph.D.
FAC-02723,fac_2723,fac.2723@examforge.edu,Computer Science,Professor,9800000000,Ph.D.
FAC-02724,fac_2724,fac.2724@examforge.edu,Computer Science,Professor,9800000000,Ph.D.
FAC-02725,fac_2725,fac.2725@examforge.edu,Computer Science,Professor,9800000000,Ph.D.
FAC-02726,fac_2726,fac.2726@examforge.edu,Computer Science,Professor,9800000000,Ph.D.
FAC-02727,fac_2727,fac.2727@examforge.edu,Computer Science,Professor,9800000000,Ph.D.
FAC-02728,fac_2728,fac.2728@examforge.edu,Computer Science,Professor,9800000000,Ph.D.
FAC-02729,fac_2729,fac.2729@examforge.edu,Computer Science,Professor,9800000000,Ph.D.
FAC-02730,fac_2730,fac.2730@examforge.edu,Computer Science,Professor,9800000000,Ph.D.
FAC-02731,fac_2731,fac.2731@examforge.edu,Computer Science,Professor,9800000000,Ph.D.
FAC-02732,fac_2732,fac.2732@examforge.edu,Computer Science,Professor,9800000000,Ph.D.
FAC-02733,fac_2733,fac.2733@examforge.edu,Computer Science,Professor,9800000000,Ph.D.
FAC-02734,fac_2734,fac.2734@examforge.edu,Computer Science,Professor,9800000000,Ph.D.
FAC-02735,fac_2735,fac.2735@examforge.edu,Computer Science,Professor,9800000000,Ph.D.
FAC-02736,fac_2736,fac.2736@examforge.edu,Computer Science,Professor,9800000000,Ph.D.
FAC-02737,fac_2737,fac.2737@examforge.edu,Computer Science,Professor,9800000000,Ph.D.
FAC-02738,fac_2738,fac.2738@examforge.edu,Computer Science,Professor,9800000000,Ph.D.
FAC-02739,fac_2739,fac.2739@examforge.edu,Computer Science,Professor,9800000000,Ph.D.
FAC-02740,fac_2740,fac.2740@examforge.edu,Computer Science,Professor,9800000000,Ph.D.
FAC-02741,fac_2741,fac.2741@examforge.edu,Computer Science,Professor,9800000000,Ph.D.
FAC-02742,fac_2742,fac.2742@examforge.edu,Computer Science,Professor,9800000000,Ph.D.
FAC-02743,fac_2743,fac.2743@examforge.edu,Computer Science,Professor,9800000000,Ph.D.
FAC-02744,fac_2744,fac.2744@examforge.edu,Computer Science,Professor,9800000000,Ph.D.
FAC-02745,fac_2745,fac.2745@examforge.edu,Computer Science,Professor,9800000000,Ph.D.
FAC-02746,fac_2746,fac.2746@examforge.edu,Computer Science,Professor,9800000000,Ph.D.
FAC-02747,fac_2747,fac.2747@examforge.edu,Computer Science,Professor,9800000000,Ph.D.
FAC-02748,fac_2748,fac.2748@examforge.edu,Computer Science,Professor,9800000000,Ph.D.
FAC-02749,fac_2749,fac.2749@examforge.edu,Computer Science,Professor,9800000000,Ph.D.
FAC-02750,fac_2750,fac.2750@examforge.edu,Computer Science,Professor,9800000000,Ph.D.
FAC-02751,fac_2751,fac.2751@examforge.edu,Computer Science,Professor,9800000000,Ph.D.
FAC-02752,fac_2752,fac.2752@examforge.edu,Computer Science,Professor,9800000000,Ph.D.
FAC-02753,fac_2753,fac.2753@examforge.edu,Computer Science,Professor,9800000000,Ph.D.
FAC-02754,fac_2754,fac.2754@examforge.edu,Computer Science,Professor,9800000000,Ph.D.
FAC-02755,fac_2755,fac.2755@examforge.edu,Computer Science,Professor,9800000000,Ph.D.
FAC-02756,fac_2756,fac.2756@examforge.edu,Computer Science,Professor,9800000000,Ph.D.
FAC-02757,fac_2757,fac.2757@examforge.edu,Computer Science,Professor,9800000000,Ph.D.
FAC-02758,fac_2758,fac.2758@examforge.edu,Computer Science,Professor,9800000000,Ph.D.
FAC-02759,fac_2759,fac.2759@examforge.edu,Computer Science,Professor,9800000000,Ph.D.
FAC-02760,fac_2760,fac.2760@examforge.edu,Computer Science,Professor,9800000000,Ph.D.
FAC-02761,fac_2761,fac.2761@examforge.edu,Computer Science,Professor,9800000000,Ph.D.
FAC-02762,fac_2762,fac.2762@examforge.edu,Computer Science,Professor,9800000000,Ph.D.
FAC-02763,fac_2763,fac.2763@examforge.edu,Computer Science,Professor,9800000000,Ph.D.
FAC-02764,fac_2764,fac.2764@examforge.edu,Computer Science,Professor,9800000000,Ph.D.
FAC-02765,fac_2765,fac.2765@examforge.edu,Computer Science,Professor,9800000000,Ph.D.
FAC-02766,fac_2766,fac.2766@examforge.edu,Computer Science,Professor,9800000000,Ph.D.
FAC-02767,fac_2767,fac.2767@examforge.edu,Computer Science,Professor,9800000000,Ph.D.
FAC-02768,fac_2768,fac.2768@examforge.edu,Computer Science,Professor,9800000000,Ph.D.
FAC-02769,fac_2769,fac.2769@examforge.edu,Computer Science,Professor,9800000000,Ph.D.
FAC-02770,fac_2770,fac.2770@examforge.edu,Computer Science,Professor,9800000000,Ph.D.
FAC-02771,fac_2771,fac.2771@examforge.edu,Computer Science,Professor,9800000000,Ph.D.
FAC-02772,fac_2772,fac.2772@examforge.edu,Computer Science,Professor,9800000000,Ph.D.
FAC-02773,fac_2773,fac.2773@examforge.edu,Computer Science,Professor,9800000000,Ph.D.
FAC-02774,fac_2774,fac.2774@examforge.edu,Computer Science,Professor,9800000000,Ph.D.
FAC-02775,fac_2775,fac.2775@examforge.edu,Computer Science,Professor,9800000000,Ph.D.
FAC-02776,fac_2776,fac.2776@examforge.edu,Computer Science,Professor,9800000000,Ph.D.
FAC-02777,fac_2777,fac.2777@examforge.edu,Computer Science,Professor,9800000000,Ph.D.
FAC-02778,fac_2778,fac.2778@examforge.edu,Computer Science,Professor,9800000000,Ph.D.
FAC-02779,fac_2779,fac.2779@examforge.edu,Computer Science,Professor,9800000000,Ph.D.
FAC-02780,fac_2780,fac.2780@examforge.edu,Computer Science,Professor,9800000000,Ph.D.
FAC-02781,fac_2781,fac.2781@examforge.edu,Computer Science,Professor,9800000000,Ph.D.
FAC-02782,fac_2782,fac.2782@examforge.edu,Computer Science,Professor,9800000000,Ph.D.
FAC-02783,fac_2783,fac.2783@examforge.edu,Computer Science,Professor,9800000000,Ph.D.
FAC-02784,fac_2784,fac.2784@examforge.edu,Computer Science,Professor,9800000000,Ph.D.
FAC-02785,fac_2785,fac.2785@examforge.edu,Computer Science,Professor,9800000000,Ph.D.
FAC-02786,fac_2786,fac.2786@examforge.edu,Computer Science,Professor,9800000000,Ph.D.
FAC-02787,fac_2787,fac.2787@examforge.edu,Computer Science,Professor,9800000000,Ph.D.
FAC-02788,fac_2788,fac.2788@examforge.edu,Computer Science,Professor,9800000000,Ph.D.
FAC-02789,fac_2789,fac.2789@examforge.edu,Computer Science,Professor,9800000000,Ph.D.
FAC-02790,fac_2790,fac.2790@examforge.edu,Computer Science,Professor,9800000000,Ph.D.
FAC-02791,fac_2791,fac.2791@examforge.edu,Computer Science,Professor,9800000000,Ph.D.
FAC-02792,fac_2792,fac.2792@examforge.edu,Computer Science,Professor,9800000000,Ph.D.
FAC-02793,fac_2793,fac.2793@examforge.edu,Computer Science,Professor,9800000000,Ph.D.
FAC-02794,fac_2794,fac.2794@examforge.edu,Computer Science,Professor,9800000000,Ph.D.
FAC-02795,fac_2795,fac.2795@examforge.edu,Computer Science,Professor,9800000000,Ph.D.
FAC-02796,fac_2796,fac.2796@examforge.edu,Computer Science,Professor,9800000000,Ph.D.
FAC-02797,fac_2797,fac.2797@examforge.edu,Computer Science,Professor,9800000000,Ph.D.
FAC-02798,fac_2798,fac.2798@examforge.edu,Computer Science,Professor,9800000000,Ph.D.
FAC-02799,fac_2799,fac.2799@examforge.edu,Computer Science,Professor,9800000000,Ph.D.
FAC-02800,fac_2800,fac.2800@examforge.edu,Computer Science,Professor,9800000000,Ph.D.
FAC-02801,fac_2801,fac.2801@examforge.edu,Computer Science,Professor,9800000000,Ph.D.
FAC-02802,fac_2802,fac.2802@examforge.edu,Computer Science,Professor,9800000000,Ph.D.
FAC-02803,fac_2803,fac.2803@examforge.edu,Computer Science,Professor,9800000000,Ph.D.
FAC-02804,fac_2804,fac.2804@examforge.edu,Computer Science,Professor,9800000000,Ph.D.
FAC-02805,fac_2805,fac.2805@examforge.edu,Computer Science,Professor,9800000000,Ph.D.
FAC-02806,fac_2806,fac.2806@examforge.edu,Computer Science,Professor,9800000000,Ph.D.
FAC-02807,fac_2807,fac.2807@examforge.edu,Computer Science,Professor,9800000000,Ph.D.
FAC-02808,fac_2808,fac.2808@examforge.edu,Computer Science,Professor,9800000000,Ph.D.
FAC-02809,fac_2809,fac.2809@examforge.edu,Computer Science,Professor,9800000000,Ph.D.
FAC-02810,fac_2810,fac.2810@examforge.edu,Computer Science,Professor,9800000000,Ph.D.
FAC-02811,fac_2811,fac.2811@examforge.edu,Computer Science,Professor,9800000000,Ph.D.
FAC-02812,fac_2812,fac.2812@examforge.edu,Computer Science,Professor,9800000000,Ph.D.
FAC-02813,fac_2813,fac.2813@examforge.edu,Computer Science,Professor,9800000000,Ph.D.
FAC-02814,fac_2814,fac.2814@examforge.edu,Computer Science,Professor,9800000000,Ph.D.
FAC-02815,fac_2815,fac.2815@examforge.edu,Computer Science,Professor,9800000000,Ph.D.
FAC-02816,fac_2816,fac.2816@examforge.edu,Computer Science,Professor,9800000000,Ph.D.
FAC-02817,fac_2817,fac.2817@examforge.edu,Computer Science,Professor,9800000000,Ph.D.
FAC-02818,fac_2818,fac.2818@examforge.edu,Computer Science,Professor,9800000000,Ph.D.
FAC-02819,fac_2819,fac.2819@examforge.edu,Computer Science,Professor,9800000000,Ph.D.
FAC-02820,fac_2820,fac.2820@examforge.edu,Computer Science,Professor,9800000000,Ph.D.
FAC-02821,fac_2821,fac.2821@examforge.edu,Computer Science,Professor,9800000000,Ph.D.
FAC-02822,fac_2822,fac.2822@examforge.edu,Computer Science,Professor,9800000000,Ph.D.
FAC-02823,fac_2823,fac.2823@examforge.edu,Computer Science,Professor,9800000000,Ph.D.
FAC-02824,fac_2824,fac.2824@examforge.edu,Computer Science,Professor,9800000000,Ph.D.
FAC-02825,fac_2825,fac.2825@examforge.edu,Computer Science,Professor,9800000000,Ph.D.
FAC-02826,fac_2826,fac.2826@examforge.edu,Computer Science,Professor,9800000000,Ph.D.
FAC-02827,fac_2827,fac.2827@examforge.edu,Computer Science,Professor,9800000000,Ph.D.
FAC-02828,fac_2828,fac.2828@examforge.edu,Computer Science,Professor,9800000000,Ph.D.
FAC-02829,fac_2829,fac.2829@examforge.edu,Computer Science,Professor,9800000000,Ph.D.
FAC-02830,fac_2830,fac.2830@examforge.edu,Computer Science,Professor,9800000000,Ph.D.
FAC-02831,fac_2831,fac.2831@examforge.edu,Computer Science,Professor,9800000000,Ph.D.
FAC-02832,fac_2832,fac.2832@examforge.edu,Computer Science,Professor,9800000000,Ph.D.
FAC-02833,fac_2833,fac.2833@examforge.edu,Computer Science,Professor,9800000000,Ph.D.
FAC-02834,fac_2834,fac.2834@examforge.edu,Computer Science,Professor,9800000000,Ph.D.
FAC-02835,fac_2835,fac.2835@examforge.edu,Computer Science,Professor,9800000000,Ph.D.
FAC-02836,fac_2836,fac.2836@examforge.edu,Computer Science,Professor,9800000000,Ph.D.
FAC-02837,fac_2837,fac.2837@examforge.edu,Computer Science,Professor,9800000000,Ph.D.
FAC-02838,fac_2838,fac.2838@examforge.edu,Computer Science,Professor,9800000000,Ph.D.
FAC-02839,fac_2839,fac.2839@examforge.edu,Computer Science,Professor,9800000000,Ph.D.
FAC-02840,fac_2840,fac.2840@examforge.edu,Computer Science,Professor,9800000000,Ph.D.
FAC-02841,fac_2841,fac.2841@examforge.edu,Computer Science,Professor,9800000000,Ph.D.
FAC-02842,fac_2842,fac.2842@examforge.edu,Computer Science,Professor,9800000000,Ph.D.
FAC-02843,fac_2843,fac.2843@examforge.edu,Computer Science,Professor,9800000000,Ph.D.
FAC-02844,fac_2844,fac.2844@examforge.edu,Computer Science,Professor,9800000000,Ph.D.
FAC-02845,fac_2845,fac.2845@examforge.edu,Computer Science,Professor,9800000000,Ph.D.
FAC-02846,fac_2846,fac.2846@examforge.edu,Computer Science,Professor,9800000000,Ph.D.
FAC-02847,fac_2847,fac.2847@examforge.edu,Computer Science,Professor,9800000000,Ph.D.
FAC-02848,fac_2848,fac.2848@examforge.edu,Computer Science,Professor,9800000000,Ph.D.
FAC-02849,fac_2849,fac.2849@examforge.edu,Computer Science,Professor,9800000000,Ph.D.
FAC-02850,fac_2850,fac.2850@examforge.edu,Computer Science,Professor,9800000000,Ph.D.
FAC-02851,fac_2851,fac.2851@examforge.edu,Computer Science,Professor,9800000000,Ph.D.
FAC-02852,fac_2852,fac.2852@examforge.edu,Computer Science,Professor,9800000000,Ph.D.
FAC-02853,fac_2853,fac.2853@examforge.edu,Computer Science,Professor,9800000000,Ph.D.
FAC-02854,fac_2854,fac.2854@examforge.edu,Computer Science,Professor,9800000000,Ph.D.
FAC-02855,fac_2855,fac.2855@examforge.edu,Computer Science,Professor,9800000000,Ph.D.
FAC-02856,fac_2856,fac.2856@examforge.edu,Computer Science,Professor,9800000000,Ph.D.
FAC-02857,fac_2857,fac.2857@examforge.edu,Computer Science,Professor,9800000000,Ph.D.
FAC-02858,fac_2858,fac.2858@examforge.edu,Computer Science,Professor,9800000000,Ph.D.
FAC-02859,fac_2859,fac.2859@examforge.edu,Computer Science,Professor,9800000000,Ph.D.
FAC-02860,fac_2860,fac.2860@examforge.edu,Computer Science,Professor,9800000000,Ph.D.
FAC-02861,fac_2861,fac.2861@examforge.edu,Computer Science,Professor,9800000000,Ph.D.
FAC-02862,fac_2862,fac.2862@examforge.edu,Computer Science,Professor,9800000000,Ph.D.
FAC-02863,fac_2863,fac.2863@examforge.edu,Computer Science,Professor,9800000000,Ph.D.
FAC-02864,fac_2864,fac.2864@examforge.edu,Computer Science,Professor,9800000000,Ph.D.
FAC-02865,fac_2865,fac.2865@examforge.edu,Computer Science,Professor,9800000000,Ph.D.
FAC-02866,fac_2866,fac.2866@examforge.edu,Computer Science,Professor,9800000000,Ph.D.
FAC-02867,fac_2867,fac.2867@examforge.edu,Computer Science,Professor,9800000000,Ph.D.
FAC-02868,fac_2868,fac.2868@examforge.edu,Computer Science,Professor,9800000000,Ph.D.
FAC-02869,fac_2869,fac.2869@examforge.edu,Computer Science,Professor,9800000000,Ph.D.
FAC-02870,fac_2870,fac.2870@examforge.edu,Computer Science,Professor,9800000000,Ph.D.
FAC-02871,fac_2871,fac.2871@examforge.edu,Computer Science,Professor,9800000000,Ph.D.
FAC-02872,fac_2872,fac.2872@examforge.edu,Computer Science,Professor,9800000000,Ph.D.
FAC-02873,fac_2873,fac.2873@examforge.edu,Computer Science,Professor,9800000000,Ph.D.
FAC-02874,fac_2874,fac.2874@examforge.edu,Computer Science,Professor,9800000000,Ph.D.
FAC-02875,fac_2875,fac.2875@examforge.edu,Computer Science,Professor,9800000000,Ph.D.
FAC-02876,fac_2876,fac.2876@examforge.edu,Computer Science,Professor,9800000000,Ph.D.
FAC-02877,fac_2877,fac.2877@examforge.edu,Computer Science,Professor,9800000000,Ph.D.
FAC-02878,fac_2878,fac.2878@examforge.edu,Computer Science,Professor,9800000000,Ph.D.
FAC-02879,fac_2879,fac.2879@examforge.edu,Computer Science,Professor,9800000000,Ph.D.
FAC-02880,fac_2880,fac.2880@examforge.edu,Computer Science,Professor,9800000000,Ph.D.
FAC-02881,fac_2881,fac.2881@examforge.edu,Computer Science,Professor,9800000000,Ph.D.
FAC-02882,fac_2882,fac.2882@examforge.edu,Computer Science,Professor,9800000000,Ph.D.
FAC-02883,fac_2883,fac.2883@examforge.edu,Computer Science,Professor,9800000000,Ph.D.
FAC-02884,fac_2884,fac.2884@examforge.edu,Computer Science,Professor,9800000000,Ph.D.
FAC-02885,fac_2885,fac.2885@examforge.edu,Computer Science,Professor,9800000000,Ph.D.
FAC-02886,fac_2886,fac.2886@examforge.edu,Computer Science,Professor,9800000000,Ph.D.
FAC-02887,fac_2887,fac.2887@examforge.edu,Computer Science,Professor,9800000000,Ph.D.
FAC-02888,fac_2888,fac.2888@examforge.edu,Computer Science,Professor,9800000000,Ph.D.
FAC-02889,fac_2889,fac.2889@examforge.edu,Computer Science,Professor,9800000000,Ph.D.
FAC-02890,fac_2890,fac.2890@examforge.edu,Computer Science,Professor,9800000000,Ph.D.
FAC-02891,fac_2891,fac.2891@examforge.edu,Computer Science,Professor,9800000000,Ph.D.
FAC-02892,fac_2892,fac.2892@examforge.edu,Computer Science,Professor,9800000000,Ph.D.
FAC-02893,fac_2893,fac.2893@examforge.edu,Computer Science,Professor,9800000000,Ph.D.
FAC-02894,fac_2894,fac.2894@examforge.edu,Computer Science,Professor,9800000000,Ph.D.
FAC-02895,fac_2895,fac.2895@examforge.edu,Computer Science,Professor,9800000000,Ph.D.
FAC-02896,fac_2896,fac.2896@examforge.edu,Computer Science,Professor,9800000000,Ph.D.
FAC-02897,fac_2897,fac.2897@examforge.edu,Computer Science,Professor,9800000000,Ph.D.
FAC-02898,fac_2898,fac.2898@examforge.edu,Computer Science,Professor,9800000000,Ph.D.
FAC-02899,fac_2899,fac.2899@examforge.edu,Computer Science,Professor,9800000000,Ph.D.
FAC-02900,fac_2900,fac.2900@examforge.edu,Computer Science,Professor,9800000000,Ph.D.
FAC-02901,fac_2901,fac.2901@examforge.edu,Computer Science,Professor,9800000000,Ph.D.
FAC-02902,fac_2902,fac.2902@examforge.edu,Computer Science,Professor,9800000000,Ph.D.
FAC-02903,fac_2903,fac.2903@examforge.edu,Computer Science,Professor,9800000000,Ph.D.
FAC-02904,fac_2904,fac.2904@examforge.edu,Computer Science,Professor,9800000000,Ph.D.
FAC-02905,fac_2905,fac.2905@examforge.edu,Computer Science,Professor,9800000000,Ph.D.
FAC-02906,fac_2906,fac.2906@examforge.edu,Computer Science,Professor,9800000000,Ph.D.
FAC-02907,fac_2907,fac.2907@examforge.edu,Computer Science,Professor,9800000000,Ph.D.
FAC-02908,fac_2908,fac.2908@examforge.edu,Computer Science,Professor,9800000000,Ph.D.
FAC-02909,fac_2909,fac.2909@examforge.edu,Computer Science,Professor,9800000000,Ph.D.
FAC-02910,fac_2910,fac.2910@examforge.edu,Computer Science,Professor,9800000000,Ph.D.
FAC-02911,fac_2911,fac.2911@examforge.edu,Computer Science,Professor,9800000000,Ph.D.
FAC-02912,fac_2912,fac.2912@examforge.edu,Computer Science,Professor,9800000000,Ph.D.
FAC-02913,fac_2913,fac.2913@examforge.edu,Computer Science,Professor,9800000000,Ph.D.
FAC-02914,fac_2914,fac.2914@examforge.edu,Computer Science,Professor,9800000000,Ph.D.
FAC-02915,fac_2915,fac.2915@examforge.edu,Computer Science,Professor,9800000000,Ph.D.
FAC-02916,fac_2916,fac.2916@examforge.edu,Computer Science,Professor,9800000000,Ph.D.
FAC-02917,fac_2917,fac.2917@examforge.edu,Computer Science,Professor,9800000000,Ph.D.
FAC-02918,fac_2918,fac.2918@examforge.edu,Computer Science,Professor,9800000000,Ph.D.
FAC-02919,fac_2919,fac.2919@examforge.edu,Computer Science,Professor,9800000000,Ph.D.
FAC-02920,fac_2920,fac.2920@examforge.edu,Computer Science,Professor,9800000000,Ph.D.
FAC-02921,fac_2921,fac.2921@examforge.edu,Computer Science,Professor,9800000000,Ph.D.
FAC-02922,fac_2922,fac.2922@examforge.edu,Computer Science,Professor,9800000000,Ph.D.
FAC-02923,fac_2923,fac.2923@examforge.edu,Computer Science,Professor,9800000000,Ph.D.
FAC-02924,fac_2924,fac.2924@examforge.edu,Computer Science,Professor,9800000000,Ph.D.
FAC-02925,fac_2925,fac.2925@examforge.edu,Computer Science,Professor,9800000000,Ph.D.
FAC-02926,fac_2926,fac.2926@examforge.edu,Computer Science,Professor,9800000000,Ph.D.
FAC-02927,fac_2927,fac.2927@examforge.edu,Computer Science,Professor,9800000000,Ph.D.
FAC-02928,fac_2928,fac.2928@examforge.edu,Computer Science,Professor,9800000000,Ph.D.
FAC-02929,fac_2929,fac.2929@examforge.edu,Computer Science,Professor,9800000000,Ph.D.
FAC-02930,fac_2930,fac.2930@examforge.edu,Computer Science,Professor,9800000000,Ph.D.
FAC-02931,fac_2931,fac.2931@examforge.edu,Computer Science,Professor,9800000000,Ph.D.
FAC-02932,fac_2932,fac.2932@examforge.edu,Computer Science,Professor,9800000000,Ph.D.
FAC-02933,fac_2933,fac.2933@examforge.edu,Computer Science,Professor,9800000000,Ph.D.
FAC-02934,fac_2934,fac.2934@examforge.edu,Computer Science,Professor,9800000000,Ph.D.
FAC-02935,fac_2935,fac.2935@examforge.edu,Computer Science,Professor,9800000000,Ph.D.
FAC-02936,fac_2936,fac.2936@examforge.edu,Computer Science,Professor,9800000000,Ph.D.
FAC-02937,fac_2937,fac.2937@examforge.edu,Computer Science,Professor,9800000000,Ph.D.
FAC-02938,fac_2938,fac.2938@examforge.edu,Computer Science,Professor,9800000000,Ph.D.
FAC-02939,fac_2939,fac.2939@examforge.edu,Computer Science,Professor,9800000000,Ph.D.
FAC-02940,fac_2940,fac.2940@examforge.edu,Computer Science,Professor,9800000000,Ph.D.
FAC-02941,fac_2941,fac.2941@examforge.edu,Computer Science,Professor,9800000000,Ph.D.
FAC-02942,fac_2942,fac.2942@examforge.edu,Computer Science,Professor,9800000000,Ph.D.
FAC-02943,fac_2943,fac.2943@examforge.edu,Computer Science,Professor,9800000000,Ph.D.
FAC-02944,fac_2944,fac.2944@examforge.edu,Computer Science,Professor,9800000000,Ph.D.
FAC-02945,fac_2945,fac.2945@examforge.edu,Computer Science,Professor,9800000000,Ph.D.
FAC-02946,fac_2946,fac.2946@examforge.edu,Computer Science,Professor,9800000000,Ph.D.
FAC-02947,fac_2947,fac.2947@examforge.edu,Computer Science,Professor,9800000000,Ph.D.
FAC-02948,fac_2948,fac.2948@examforge.edu,Computer Science,Professor,9800000000,Ph.D.
FAC-02949,fac_2949,fac.2949@examforge.edu,Computer Science,Professor,9800000000,Ph.D.
FAC-02950,fac_2950,fac.2950@examforge.edu,Computer Science,Professor,9800000000,Ph.D.
FAC-02951,fac_2951,fac.2951@examforge.edu,Computer Science,Professor,9800000000,Ph.D.
FAC-02952,fac_2952,fac.2952@examforge.edu,Computer Science,Professor,9800000000,Ph.D.
FAC-02953,fac_2953,fac.2953@examforge.edu,Computer Science,Professor,9800000000,Ph.D.
FAC-02954,fac_2954,fac.2954@examforge.edu,Computer Science,Professor,9800000000,Ph.D.
FAC-02955,fac_2955,fac.2955@examforge.edu,Computer Science,Professor,9800000000,Ph.D.
FAC-02956,fac_2956,fac.2956@examforge.edu,Computer Science,Professor,9800000000,Ph.D.
FAC-02957,fac_2957,fac.2957@examforge.edu,Computer Science,Professor,9800000000,Ph.D.
FAC-02958,fac_2958,fac.2958@examforge.edu,Computer Science,Professor,9800000000,Ph.D.
FAC-02959,fac_2959,fac.2959@examforge.edu,Computer Science,Professor,9800000000,Ph.D.
FAC-02960,fac_2960,fac.2960@examforge.edu,Computer Science,Professor,9800000000,Ph.D.
FAC-02961,fac_2961,fac.2961@examforge.edu,Computer Science,Professor,9800000000,Ph.D.
FAC-02962,fac_2962,fac.2962@examforge.edu,Computer Science,Professor,9800000000,Ph.D.
FAC-02963,fac_2963,fac.2963@examforge.edu,Computer Science,Professor,9800000000,Ph.D.
FAC-02964,fac_2964,fac.2964@examforge.edu,Computer Science,Professor,9800000000,Ph.D.
FAC-02965,fac_2965,fac.2965@examforge.edu,Computer Science,Professor,9800000000,Ph.D.
FAC-02966,fac_2966,fac.2966@examforge.edu,Computer Science,Professor,9800000000,Ph.D.
FAC-02967,fac_2967,fac.2967@examforge.edu,Computer Science,Professor,9800000000,Ph.D.
FAC-02968,fac_2968,fac.2968@examforge.edu,Computer Science,Professor,9800000000,Ph.D.
FAC-02969,fac_2969,fac.2969@examforge.edu,Computer Science,Professor,9800000000,Ph.D.
FAC-02970,fac_2970,fac.2970@examforge.edu,Computer Science,Professor,9800000000,Ph.D.
FAC-02971,fac_2971,fac.2971@examforge.edu,Computer Science,Professor,9800000000,Ph.D.
FAC-02972,fac_2972,fac.2972@examforge.edu,Computer Science,Professor,9800000000,Ph.D.
FAC-02973,fac_2973,fac.2973@examforge.edu,Computer Science,Professor,9800000000,Ph.D.
FAC-02974,fac_2974,fac.2974@examforge.edu,Computer Science,Professor,9800000000,Ph.D.
FAC-02975,fac_2975,fac.2975@examforge.edu,Computer Science,Professor,9800000000,Ph.D.
FAC-02976,fac_2976,fac.2976@examforge.edu,Computer Science,Professor,9800000000,Ph.D.
FAC-02977,fac_2977,fac.2977@examforge.edu,Computer Science,Professor,9800000000,Ph.D.
FAC-02978,fac_2978,fac.2978@examforge.edu,Computer Science,Professor,9800000000,Ph.D.
FAC-02979,fac_2979,fac.2979@examforge.edu,Computer Science,Professor,9800000000,Ph.D.
FAC-02980,fac_2980,fac.2980@examforge.edu,Computer Science,Professor,9800000000,Ph.D.
FAC-02981,fac_2981,fac.2981@examforge.edu,Computer Science,Professor,9800000000,Ph.D.
FAC-02982,fac_2982,fac.2982@examforge.edu,Computer Science,Professor,9800000000,Ph.D.
FAC-02983,fac_2983,fac.2983@examforge.edu,Computer Science,Professor,9800000000,Ph.D.
FAC-02984,fac_2984,fac.2984@examforge.edu,Computer Science,Professor,9800000000,Ph.D.
FAC-02985,fac_2985,fac.2985@examforge.edu,Computer Science,Professor,9800000000,Ph.D.
FAC-02986,fac_2986,fac.2986@examforge.edu,Computer Science,Professor,9800000000,Ph.D.
FAC-02987,fac_2987,fac.2987@examforge.edu,Computer Science,Professor,9800000000,Ph.D.
FAC-02988,fac_2988,fac.2988@examforge.edu,Computer Science,Professor,9800000000,Ph.D.
FAC-02989,fac_2989,fac.2989@examforge.edu,Computer Science,Professor,9800000000,Ph.D.
FAC-02990,fac_2990,fac.2990@examforge.edu,Computer Science,Professor,9800000000,Ph.D.
FAC-02991,fac_2991,fac.2991@examforge.edu,Computer Science,Professor,9800000000,Ph.D.
FAC-02992,fac_2992,fac.2992@examforge.edu,Computer Science,Professor,9800000000,Ph.D.
FAC-02993,fac_2993,fac.2993@examforge.edu,Computer Science,Professor,9800000000,Ph.D.
FAC-02994,fac_2994,fac.2994@examforge.edu,Computer Science,Professor,9800000000,Ph.D.
FAC-02995,fac_2995,fac.2995@examforge.edu,Computer Science,Professor,9800000000,Ph.D.
FAC-02996,fac_2996,fac.2996@examforge.edu,Computer Science,Professor,9800000000,Ph.D.
FAC-02997,fac_2997,fac.2997@examforge.edu,Computer Science,Professor,9800000000,Ph.D.
FAC-02998,fac_2998,fac.2998@examforge.edu,Computer Science,Professor,9800000000,Ph.D.
FAC-02999,fac_2999,fac.2999@examforge.edu,Computer Science,Professor,9800000000,Ph.D.
FAC-03000,fac_3000,fac.3000@examforge.edu,Computer Science,Professor,9800000000,Ph.D.
FAC-03001,fac_3001,fac.3001@examforge.edu,Computer Science,Professor,9800000000,Ph.D.
FAC-03002,fac_3002,fac.3002@examforge.edu,Computer Science,Professor,9800000000,Ph.D.
FAC-03003,fac_3003,fac.3003@examforge.edu,Computer Science,Professor,9800000000,Ph.D.
FAC-03004,fac_3004,fac.3004@examforge.edu,Computer Science,Professor,9800000000,Ph.D.
FAC-03005,fac_3005,fac.3005@examforge.edu,Computer Science,Professor,9800000000,Ph.D.
FAC-03006,fac_3006,fac.3006@examforge.edu,Computer Science,Professor,9800000000,Ph.D.
FAC-03007,fac_3007,fac.3007@examforge.edu,Computer Science,Professor,9800000000,Ph.D.
FAC-03008,fac_3008,fac.3008@examforge.edu,Computer Science,Professor,9800000000,Ph.D.
FAC-03009,fac_3009,fac.3009@examforge.edu,Computer Science,Professor,9800000000,Ph.D.
FAC-03010,fac_3010,fac.3010@examforge.edu,Computer Science,Professor,9800000000,Ph.D.
FAC-03011,fac_3011,fac.3011@examforge.edu,Computer Science,Professor,9800000000,Ph.D.
FAC-03012,fac_3012,fac.3012@examforge.edu,Computer Science,Professor,9800000000,Ph.D.
FAC-03013,fac_3013,fac.3013@examforge.edu,Computer Science,Professor,9800000000,Ph.D.
FAC-03014,fac_3014,fac.3014@examforge.edu,Computer Science,Professor,9800000000,Ph.D.
FAC-03015,fac_3015,fac.3015@examforge.edu,Computer Science,Professor,9800000000,Ph.D.
FAC-03016,fac_3016,fac.3016@examforge.edu,Computer Science,Professor,9800000000,Ph.D.
FAC-03017,fac_3017,fac.3017@examforge.edu,Computer Science,Professor,9800000000,Ph.D.
FAC-03018,fac_3018,fac.3018@examforge.edu,Computer Science,Professor,9800000000,Ph.D.
FAC-03019,fac_3019,fac.3019@examforge.edu,Computer Science,Professor,9800000000,Ph.D.
FAC-03020,fac_3020,fac.3020@examforge.edu,Computer Science,Professor,9800000000,Ph.D.
FAC-03021,fac_3021,fac.3021@examforge.edu,Computer Science,Professor,9800000000,Ph.D.
FAC-03022,fac_3022,fac.3022@examforge.edu,Computer Science,Professor,9800000000,Ph.D.
FAC-03023,fac_3023,fac.3023@examforge.edu,Computer Science,Professor,9800000000,Ph.D.
FAC-03024,fac_3024,fac.3024@examforge.edu,Computer Science,Professor,9800000000,Ph.D.
FAC-03025,fac_3025,fac.3025@examforge.edu,Computer Science,Professor,9800000000,Ph.D.
FAC-03026,fac_3026,fac.3026@examforge.edu,Computer Science,Professor,9800000000,Ph.D.
FAC-03027,fac_3027,fac.3027@examforge.edu,Computer Science,Professor,9800000000,Ph.D.
FAC-03028,fac_3028,fac.3028@examforge.edu,Computer Science,Professor,9800000000,Ph.D.
FAC-03029,fac_3029,fac.3029@examforge.edu,Computer Science,Professor,9800000000,Ph.D.
FAC-03030,fac_3030,fac.3030@examforge.edu,Computer Science,Professor,9800000000,Ph.D.
FAC-03031,fac_3031,fac.3031@examforge.edu,Computer Science,Professor,9800000000,Ph.D.
FAC-03032,fac_3032,fac.3032@examforge.edu,Computer Science,Professor,9800000000,Ph.D.
FAC-03033,fac_3033,fac.3033@examforge.edu,Computer Science,Professor,9800000000,Ph.D.
FAC-03034,fac_3034,fac.3034@examforge.edu,Computer Science,Professor,9800000000,Ph.D.
FAC-03035,fac_3035,fac.3035@examforge.edu,Computer Science,Professor,9800000000,Ph.D.
FAC-03036,fac_3036,fac.3036@examforge.edu,Computer Science,Professor,9800000000,Ph.D.
FAC-03037,fac_3037,fac.3037@examforge.edu,Computer Science,Professor,9800000000,Ph.D.
FAC-03038,fac_3038,fac.3038@examforge.edu,Computer Science,Professor,9800000000,Ph.D.
FAC-03039,fac_3039,fac.3039@examforge.edu,Computer Science,Professor,9800000000,Ph.D.
FAC-03040,fac_3040,fac.3040@examforge.edu,Computer Science,Professor,9800000000,Ph.D.
FAC-03041,fac_3041,fac.3041@examforge.edu,Computer Science,Professor,9800000000,Ph.D.
FAC-03042,fac_3042,fac.3042@examforge.edu,Computer Science,Professor,9800000000,Ph.D.
FAC-03043,fac_3043,fac.3043@examforge.edu,Computer Science,Professor,9800000000,Ph.D.
FAC-03044,fac_3044,fac.3044@examforge.edu,Computer Science,Professor,9800000000,Ph.D.
FAC-03045,fac_3045,fac.3045@examforge.edu,Computer Science,Professor,9800000000,Ph.D.
FAC-03046,fac_3046,fac.3046@examforge.edu,Computer Science,Professor,9800000000,Ph.D.
FAC-03047,fac_3047,fac.3047@examforge.edu,Computer Science,Professor,9800000000,Ph.D.
FAC-03048,fac_3048,fac.3048@examforge.edu,Computer Science,Professor,9800000000,Ph.D.
FAC-03049,fac_3049,fac.3049@examforge.edu,Computer Science,Professor,9800000000,Ph.D.
FAC-03050,fac_3050,fac.3050@examforge.edu,Computer Science,Professor,9800000000,Ph.D.
FAC-03051,fac_3051,fac.3051@examforge.edu,Computer Science,Professor,9800000000,Ph.D.
FAC-03052,fac_3052,fac.3052@examforge.edu,Computer Science,Professor,9800000000,Ph.D.
FAC-03053,fac_3053,fac.3053@examforge.edu,Computer Science,Professor,9800000000,Ph.D.
FAC-03054,fac_3054,fac.3054@examforge.edu,Computer Science,Professor,9800000000,Ph.D.
FAC-03055,fac_3055,fac.3055@examforge.edu,Computer Science,Professor,9800000000,Ph.D.
FAC-03056,fac_3056,fac.3056@examforge.edu,Computer Science,Professor,9800000000,Ph.D.
FAC-03057,fac_3057,fac.3057@examforge.edu,Computer Science,Professor,9800000000,Ph.D.
FAC-03058,fac_3058,fac.3058@examforge.edu,Computer Science,Professor,9800000000,Ph.D.
FAC-03059,fac_3059,fac.3059@examforge.edu,Computer Science,Professor,9800000000,Ph.D.
FAC-03060,fac_3060,fac.3060@examforge.edu,Computer Science,Professor,9800000000,Ph.D.
FAC-03061,fac_3061,fac.3061@examforge.edu,Computer Science,Professor,9800000000,Ph.D.
FAC-03062,fac_3062,fac.3062@examforge.edu,Computer Science,Professor,9800000000,Ph.D.
FAC-03063,fac_3063,fac.3063@examforge.edu,Computer Science,Professor,9800000000,Ph.D.
FAC-03064,fac_3064,fac.3064@examforge.edu,Computer Science,Professor,9800000000,Ph.D.
FAC-03065,fac_3065,fac.3065@examforge.edu,Computer Science,Professor,9800000000,Ph.D.
FAC-03066,fac_3066,fac.3066@examforge.edu,Computer Science,Professor,9800000000,Ph.D.
FAC-03067,fac_3067,fac.3067@examforge.edu,Computer Science,Professor,9800000000,Ph.D.
FAC-03068,fac_3068,fac.3068@examforge.edu,Computer Science,Professor,9800000000,Ph.D.
FAC-03069,fac_3069,fac.3069@examforge.edu,Computer Science,Professor,9800000000,Ph.D.
FAC-03070,fac_3070,fac.3070@examforge.edu,Computer Science,Professor,9800000000,Ph.D.
FAC-03071,fac_3071,fac.3071@examforge.edu,Computer Science,Professor,9800000000,Ph.D.
FAC-03072,fac_3072,fac.3072@examforge.edu,Computer Science,Professor,9800000000,Ph.D.
FAC-03073,fac_3073,fac.3073@examforge.edu,Computer Science,Professor,9800000000,Ph.D.
FAC-03074,fac_3074,fac.3074@examforge.edu,Computer Science,Professor,9800000000,Ph.D.
FAC-03075,fac_3075,fac.3075@examforge.edu,Computer Science,Professor,9800000000,Ph.D.
FAC-03076,fac_3076,fac.3076@examforge.edu,Computer Science,Professor,9800000000,Ph.D.
FAC-03077,fac_3077,fac.3077@examforge.edu,Computer Science,Professor,9800000000,Ph.D.
FAC-03078,fac_3078,fac.3078@examforge.edu,Computer Science,Professor,9800000000,Ph.D.
FAC-03079,fac_3079,fac.3079@examforge.edu,Computer Science,Professor,9800000000,Ph.D.
FAC-03080,fac_3080,fac.3080@examforge.edu,Computer Science,Professor,9800000000,Ph.D.
FAC-03081,fac_3081,fac.3081@examforge.edu,Computer Science,Professor,9800000000,Ph.D.
FAC-03082,fac_3082,fac.3082@examforge.edu,Computer Science,Professor,9800000000,Ph.D.
FAC-03083,fac_3083,fac.3083@examforge.edu,Computer Science,Professor,9800000000,Ph.D.
FAC-03084,fac_3084,fac.3084@examforge.edu,Computer Science,Professor,9800000000,Ph.D.
FAC-03085,fac_3085,fac.3085@examforge.edu,Computer Science,Professor,9800000000,Ph.D.
FAC-03086,fac_3086,fac.3086@examforge.edu,Computer Science,Professor,9800000000,Ph.D.
FAC-03087,fac_3087,fac.3087@examforge.edu,Computer Science,Professor,9800000000,Ph.D.
FAC-03088,fac_3088,fac.3088@examforge.edu,Computer Science,Professor,9800000000,Ph.D.
FAC-03089,fac_3089,fac.3089@examforge.edu,Computer Science,Professor,9800000000,Ph.D.
FAC-03090,fac_3090,fac.3090@examforge.edu,Computer Science,Professor,9800000000,Ph.D.
FAC-03091,fac_3091,fac.3091@examforge.edu,Computer Science,Professor,9800000000,Ph.D.
FAC-03092,fac_3092,fac.3092@examforge.edu,Computer Science,Professor,9800000000,Ph.D.
FAC-03093,fac_3093,fac.3093@examforge.edu,Computer Science,Professor,9800000000,Ph.D.
FAC-03094,fac_3094,fac.3094@examforge.edu,Computer Science,Professor,9800000000,Ph.D.
FAC-03095,fac_3095,fac.3095@examforge.edu,Computer Science,Professor,9800000000,Ph.D.
FAC-03096,fac_3096,fac.3096@examforge.edu,Computer Science,Professor,9800000000,Ph.D.
FAC-03097,fac_3097,fac.3097@examforge.edu,Computer Science,Professor,9800000000,Ph.D.
FAC-03098,fac_3098,fac.3098@examforge.edu,Computer Science,Professor,9800000000,Ph.D.
FAC-03099,fac_3099,fac.3099@examforge.edu,Computer Science,Professor,9800000000,Ph.D.
FAC-03100,fac_3100,fac.3100@examforge.edu,Computer Science,Professor,9800000000,Ph.D.
FAC-03101,fac_3101,fac.3101@examforge.edu,Computer Science,Professor,9800000000,Ph.D.
FAC-03102,fac_3102,fac.3102@examforge.edu,Computer Science,Professor,9800000000,Ph.D.
FAC-03103,fac_3103,fac.3103@examforge.edu,Computer Science,Professor,9800000000,Ph.D.
FAC-03104,fac_3104,fac.3104@examforge.edu,Computer Science,Professor,9800000000,Ph.D.
FAC-03105,fac_3105,fac.3105@examforge.edu,Computer Science,Professor,9800000000,Ph.D.
FAC-03106,fac_3106,fac.3106@examforge.edu,Computer Science,Professor,9800000000,Ph.D.
FAC-03107,fac_3107,fac.3107@examforge.edu,Computer Science,Professor,9800000000,Ph.D.
FAC-03108,fac_3108,fac.3108@examforge.edu,Computer Science,Professor,9800000000,Ph.D.
FAC-03109,fac_3109,fac.3109@examforge.edu,Computer Science,Professor,9800000000,Ph.D.
FAC-03110,fac_3110,fac.3110@examforge.edu,Computer Science,Professor,9800000000,Ph.D.
FAC-03111,fac_3111,fac.3111@examforge.edu,Computer Science,Professor,9800000000,Ph.D.
FAC-03112,fac_3112,fac.3112@examforge.edu,Computer Science,Professor,9800000000,Ph.D.
FAC-03113,fac_3113,fac.3113@examforge.edu,Computer Science,Professor,9800000000,Ph.D.
FAC-03114,fac_3114,fac.3114@examforge.edu,Computer Science,Professor,9800000000,Ph.D.
FAC-03115,fac_3115,fac.3115@examforge.edu,Computer Science,Professor,9800000000,Ph.D.
FAC-03116,fac_3116,fac.3116@examforge.edu,Computer Science,Professor,9800000000,Ph.D.
FAC-03117,fac_3117,fac.3117@examforge.edu,Computer Science,Professor,9800000000,Ph.D.
FAC-03118,fac_3118,fac.3118@examforge.edu,Computer Science,Professor,9800000000,Ph.D.
FAC-03119,fac_3119,fac.3119@examforge.edu,Computer Science,Professor,9800000000,Ph.D.
FAC-03120,fac_3120,fac.3120@examforge.edu,Computer Science,Professor,9800000000,Ph.D.
FAC-03121,fac_3121,fac.3121@examforge.edu,Computer Science,Professor,9800000000,Ph.D.
FAC-03122,fac_3122,fac.3122@examforge.edu,Computer Science,Professor,9800000000,Ph.D.
FAC-03123,fac_3123,fac.3123@examforge.edu,Computer Science,Professor,9800000000,Ph.D.
FAC-03124,fac_3124,fac.3124@examforge.edu,Computer Science,Professor,9800000000,Ph.D.
FAC-03125,fac_3125,fac.3125@examforge.edu,Computer Science,Professor,9800000000,Ph.D.
FAC-03126,fac_3126,fac.3126@examforge.edu,Computer Science,Professor,9800000000,Ph.D.
FAC-03127,fac_3127,fac.3127@examforge.edu,Computer Science,Professor,9800000000,Ph.D.
FAC-03128,fac_3128,fac.3128@examforge.edu,Computer Science,Professor,9800000000,Ph.D.
FAC-03129,fac_3129,fac.3129@examforge.edu,Computer Science,Professor,9800000000,Ph.D.
FAC-03130,fac_3130,fac.3130@examforge.edu,Computer Science,Professor,9800000000,Ph.D.
FAC-03131,fac_3131,fac.3131@examforge.edu,Computer Science,Professor,9800000000,Ph.D.
FAC-03132,fac_3132,fac.3132@examforge.edu,Computer Science,Professor,9800000000,Ph.D.
FAC-03133,fac_3133,fac.3133@examforge.edu,Computer Science,Professor,9800000000,Ph.D.
FAC-03134,fac_3134,fac.3134@examforge.edu,Computer Science,Professor,9800000000,Ph.D.
FAC-03135,fac_3135,fac.3135@examforge.edu,Computer Science,Professor,9800000000,Ph.D.
FAC-03136,fac_3136,fac.3136@examforge.edu,Computer Science,Professor,9800000000,Ph.D.
FAC-03137,fac_3137,fac.3137@examforge.edu,Computer Science,Professor,9800000000,Ph.D.
FAC-03138,fac_3138,fac.3138@examforge.edu,Computer Science,Professor,9800000000,Ph.D.
FAC-03139,fac_3139,fac.3139@examforge.edu,Computer Science,Professor,9800000000,Ph.D.
FAC-03140,fac_3140,fac.3140@examforge.edu,Computer Science,Professor,9800000000,Ph.D.
FAC-03141,fac_3141,fac.3141@examforge.edu,Computer Science,Professor,9800000000,Ph.D.
FAC-03142,fac_3142,fac.3142@examforge.edu,Computer Science,Professor,9800000000,Ph.D.
FAC-03143,fac_3143,fac.3143@examforge.edu,Computer Science,Professor,9800000000,Ph.D.
FAC-03144,fac_3144,fac.3144@examforge.edu,Computer Science,Professor,9800000000,Ph.D.
FAC-03145,fac_3145,fac.3145@examforge.edu,Computer Science,Professor,9800000000,Ph.D.
FAC-03146,fac_3146,fac.3146@examforge.edu,Computer Science,Professor,9800000000,Ph.D.
FAC-03147,fac_3147,fac.3147@examforge.edu,Computer Science,Professor,9800000000,Ph.D.
FAC-03148,fac_3148,fac.3148@examforge.edu,Computer Science,Professor,9800000000,Ph.D.
FAC-03149,fac_3149,fac.3149@examforge.edu,Computer Science,Professor,9800000000,Ph.D.
FAC-03150,fac_3150,fac.3150@examforge.edu,Computer Science,Professor,9800000000,Ph.D.
FAC-03151,fac_3151,fac.3151@examforge.edu,Computer Science,Professor,9800000000,Ph.D.
FAC-03152,fac_3152,fac.3152@examforge.edu,Computer Science,Professor,9800000000,Ph.D.
FAC-03153,fac_3153,fac.3153@examforge.edu,Computer Science,Professor,9800000000,Ph.D.
FAC-03154,fac_3154,fac.3154@examforge.edu,Computer Science,Professor,9800000000,Ph.D.
FAC-03155,fac_3155,fac.3155@examforge.edu,Computer Science,Professor,9800000000,Ph.D.
FAC-03156,fac_3156,fac.3156@examforge.edu,Computer Science,Professor,9800000000,Ph.D.
FAC-03157,fac_3157,fac.3157@examforge.edu,Computer Science,Professor,9800000000,Ph.D.
FAC-03158,fac_3158,fac.3158@examforge.edu,Computer Science,Professor,9800000000,Ph.D.
FAC-03159,fac_3159,fac.3159@examforge.edu,Computer Science,Professor,9800000000,Ph.D.
FAC-03160,fac_3160,fac.3160@examforge.edu,Computer Science,Professor,9800000000,Ph.D.
FAC-03161,fac_3161,fac.3161@examforge.edu,Computer Science,Professor,9800000000,Ph.D.
FAC-03162,fac_3162,fac.3162@examforge.edu,Computer Science,Professor,9800000000,Ph.D.
FAC-03163,fac_3163,fac.3163@examforge.edu,Computer Science,Professor,9800000000,Ph.D.
FAC-03164,fac_3164,fac.3164@examforge.edu,Computer Science,Professor,9800000000,Ph.D.
FAC-03165,fac_3165,fac.3165@examforge.edu,Computer Science,Professor,9800000000,Ph.D.
FAC-03166,fac_3166,fac.3166@examforge.edu,Computer Science,Professor,9800000000,Ph.D.
FAC-03167,fac_3167,fac.3167@examforge.edu,Computer Science,Professor,9800000000,Ph.D.
FAC-03168,fac_3168,fac.3168@examforge.edu,Computer Science,Professor,9800000000,Ph.D.
FAC-03169,fac_3169,fac.3169@examforge.edu,Computer Science,Professor,9800000000,Ph.D.
FAC-03170,fac_3170,fac.3170@examforge.edu,Computer Science,Professor,9800000000,Ph.D.
FAC-03171,fac_3171,fac.3171@examforge.edu,Computer Science,Professor,9800000000,Ph.D.
FAC-03172,fac_3172,fac.3172@examforge.edu,Computer Science,Professor,9800000000,Ph.D.
FAC-03173,fac_3173,fac.3173@examforge.edu,Computer Science,Professor,9800000000,Ph.D.
FAC-03174,fac_3174,fac.3174@examforge.edu,Computer Science,Professor,9800000000,Ph.D.
FAC-03175,fac_3175,fac.3175@examforge.edu,Computer Science,Professor,9800000000,Ph.D.
FAC-03176,fac_3176,fac.3176@examforge.edu,Computer Science,Professor,9800000000,Ph.D.
FAC-03177,fac_3177,fac.3177@examforge.edu,Computer Science,Professor,9800000000,Ph.D.
FAC-03178,fac_3178,fac.3178@examforge.edu,Computer Science,Professor,9800000000,Ph.D.
FAC-03179,fac_3179,fac.3179@examforge.edu,Computer Science,Professor,9800000000,Ph.D.
FAC-03180,fac_3180,fac.3180@examforge.edu,Computer Science,Professor,9800000000,Ph.D.
FAC-03181,fac_3181,fac.3181@examforge.edu,Computer Science,Professor,9800000000,Ph.D.
FAC-03182,fac_3182,fac.3182@examforge.edu,Computer Science,Professor,9800000000,Ph.D.
FAC-03183,fac_3183,fac.3183@examforge.edu,Computer Science,Professor,9800000000,Ph.D.
FAC-03184,fac_3184,fac.3184@examforge.edu,Computer Science,Professor,9800000000,Ph.D.
FAC-03185,fac_3185,fac.3185@examforge.edu,Computer Science,Professor,9800000000,Ph.D.
FAC-03186,fac_3186,fac.3186@examforge.edu,Computer Science,Professor,9800000000,Ph.D.
FAC-03187,fac_3187,fac.3187@examforge.edu,Computer Science,Professor,9800000000,Ph.D.
FAC-03188,fac_3188,fac.3188@examforge.edu,Computer Science,Professor,9800000000,Ph.D.
FAC-03189,fac_3189,fac.3189@examforge.edu,Computer Science,Professor,9800000000,Ph.D.
FAC-03190,fac_3190,fac.3190@examforge.edu,Computer Science,Professor,9800000000,Ph.D.
FAC-03191,fac_3191,fac.3191@examforge.edu,Computer Science,Professor,9800000000,Ph.D.
FAC-03192,fac_3192,fac.3192@examforge.edu,Computer Science,Professor,9800000000,Ph.D.
FAC-03193,fac_3193,fac.3193@examforge.edu,Computer Science,Professor,9800000000,Ph.D.
FAC-03194,fac_3194,fac.3194@examforge.edu,Computer Science,Professor,9800000000,Ph.D.
FAC-03195,fac_3195,fac.3195@examforge.edu,Computer Science,Professor,9800000000,Ph.D.
FAC-03196,fac_3196,fac.3196@examforge.edu,Computer Science,Professor,9800000000,Ph.D.
FAC-03197,fac_3197,fac.3197@examforge.edu,Computer Science,Professor,9800000000,Ph.D.
FAC-03198,fac_3198,fac.3198@examforge.edu,Computer Science,Professor,9800000000,Ph.D.
FAC-03199,fac_3199,fac.3199@examforge.edu,Computer Science,Professor,9800000000,Ph.D.
FAC-03200,fac_3200,fac.3200@examforge.edu,Computer Science,Professor,9800000000,Ph.D.